Febbraio,Tra gennaio e marzo nel calendario di velocità e dell'amore
Gennaio,Il primo mese dell'anno nuovo
Febbraio,Il mese più breve con ventotto giorni
Febbraio,L'ultimo mese per gli antichi romani
Febbraio,Ha ventinove giorni negli anni bisestili
Marzo,Il mese che porta la primavera
Marzo,Il terzo mese dell'anno solare
Aprile,Il mese delle piogge e dei fiori
Aprile,Il quarto mese del calendario
Maggio,Il mese più bello secondo il detto
Giugno,Il mese del solstizio d'estate
Giugno,Il sesto mese del calendario
Luglio,Il mese più caldo dell'anno
Agosto,Il mese delle ferie e del mare
Settembre,Il mese che riporta al lavoro
Ottobre,Il mese delle foglie colorate
Ottobre,Il decimo mese del calendario
Novembre,Il mese dei defunti e della nebbia
Dicembre,Il mese del Natale e delle feste
Lunedì,Il primo giorno della settimana
Martedì,Il secondo giorno della settimana
Mercoledì,Il terzo giorno della settimana
Giovedì,Il quarto giorno della settimana
Venerdì,Il quinto giorno della settimana
Sabato,Il sesto giorno della settimana
Sabato,Il primo giorno del weekend
Domenica,Il giorno del riposo e della chiesa
Domenica,Il settimo giorno della settimana
Weekend,Il fine settimana di sabato e domenica
Festivo,Il giorno in cui non si lavora
Feriale,Il giorno in cui si lavora normalmente
Vacanza,Il periodo in cui non si lavora
Natale,La festa più attesa dell'anno
Pasqua,La festa mobile della primavera
Estate,La stagione del mare e del sole
Inverno,La stagione fredda con la neve
Primavera,La stagione dei fiori e del risveglio
Autunno,La stagione delle foglie che cadono
Giorno,Il periodo di luce tra alba e tramonto
Riso,È lanciato agli sposi per augurio
Riso,Bianco o integrale si cucina al dente
Riso,Per una saporita paella è essenziale
Riso,Cresce nelle risaie allagate d'acqua
Riso,Base del sushi giapponese tradizionale
Pasta,Il piatto forte della cucina italiana
Pasta,Si mangia con il sugo o in bianco
Pasta,Lunga corta fresca o secca si trova
Pizza,Il cibo italiano più famoso al mondo
Pizza,Rotonda con pomodoro mozzarella e basilico
Pizza,Si mangia calda filante e profumata
Pizza,Margherita è la classica napoletana
Pane,Non manca mai sulla tavola italiana
Pane,Si dice che sia buono anche quello
Pane,Fresco croccante o raffermo si usa
Pane,Di grano integrale o bianco si trova
Acqua,Il liquido essenziale per la vita
Acqua,Liscia o gassata si beve per dissetarsi
Acqua,In bottiglia o del rubinetto si beve
Vino,Il bianco va servito sempre freddo
Vino,Prodotto dall'uva fermentata nei tini
Vino,Rosso bianco o rosato si degusta
Vino,Invecchiando nelle botti diventa prezioso
Caffè,La bevanda preferita dagli italiani
Caffè,Si prende corto caldo e zuccherato
Caffè,Con la moka si fa quello buono
Caffè,Espresso americano o macchiato si ordina
Tè,La bevanda calda che viene dall'Oriente
Tè,Verde nero o alle erbe si beve
Cioccolata,Il dolce marrone che piace ai bambini
Cioccolata,Fondente al latte o bianca si trova
Gelato,Il dolce freddo delle estati italiane
Gelato,Alla frutta o alla crema si sceglie
Limone,Giallo e profumato ricco di vitamina
Limone,Dal succo aspre e pungente si usa
Limone,Con la buccia si fanno liquori digestivi
Arancia,Il frutto arancione ricco di vitamina
Arancia,Si mangia a spicchi o si beve in succo
Mela,Il frutto che tiene lontano il dottore
Mela,Rossa verde o gialla si mangia
Banana,Il frutto curvo ricco di potassio
Banana,Si sbuccia prima di mangiare
Pera,Il frutto dolce con la buccia sottile
Pesca,Il frutto estivo con la buccia pelosa
Anguria,Il frutto estivo rosso e dissetante
Melone,Il frutto estivo con la polpa dolce
Fragola,Il frutto rosso con i semini fuori
Ciliegia,Il frutto rosso con il picciolo verde
Uva,Il frutto che si trasforma in vino
Uva,Nera o bianca sui grappoli cresce
Fico,Il frutto dolce con i semini dentro
Noce,Il frutto secco con il guscio duro
Mandorla,La frutta secca bianca e croccante
Nocciola,La frutta secca tonda e marroncina
Pistacchio,La frutta secca verde e saporita
Olio,Il liquido d'oro della cucina mediterranea
Olio,Si estrae dalle olive con il frantoio
Olio,Di oliva extravergine è il migliore
Burro,Il grasso animale per dolci e paste
Burro,Di mucca si fa e si usa nei dolci
Formaggio,Il latticino che si fa con il latte
Formaggio,Stagionato fresco o erboronato si trova
Mozzarella,Il formaggio bianco elastico e filante
Parmigiano,Il formaggio stagionato da grattugiare
Gorgonzola,Il formaggio blu con le muffe buone
Provolone,Il formaggio a pasta filata stagionato
Ricotta,Il latticino fresco bianco e cremoso
Yogurt,Il latticino fermentato con i probiotici
Latte,Il liquido bianco che bevono i bambini
Latte,Di mucca di capra o vegetale si trova
Uovo,Si rompe per fare la frittata
Uovo,Ha il guscio la chiara e il tuorlo
Uovo,Sodo alla coque o in frittata si mangia
Uovo,Di gallina di anatra o di struzzo
Carne,La proteina animale rossa o bianca
Manzo,La carne bovina rossa e saporita
Maiale,La carne del porco grassa e gustosa
Pollo,La carne bianca del volatile da cortile
Tacchino,La carne bianca del volatile americano
Coniglio,La carne bianca tenera e delicata
Agnello,La carne dell'ovino giovane e tenera
Pesce,L'animale che vive nell'acqua salata
Salmone,Il pesce rosa ricco di omega tre
Tonno,Il pesce grande che si conserva sott'olio
Merluzzo,Il pesce bianco magro e delicato
Orata,Il pesce pregiato dal sapore delicato
Branzino,Il pesce nobile dalle carni bianche
Sarde,I pesci piccoli azzurri e saporiti
Acciughe,I pesciolini azzurri sotto sale
Polpo,Il mollusco con otto lunghi tentacoli
Calamaro,Il mollusco con i tentacoli e gli occhi
Seppia,Il mollusco che fa l'inchiostro nero
Cozza,Il mollusco bivalve che si attacca
Vongola,Il mollusco bivalve che vive nella sabbia
Ostrica,Il mollusco pregiato che si mangia crudo
Gambero,Il crostaceo rosa che vive in mare
Scampo,Il crostaceo pregiato simile all'aragosta
Aragosta,Il crostaceo grande con le chele
Granchio,Il crostaceo che cammina di lato
Carciofo,La verdura con le foglie a punta
Melanzana,La verdura viola della parmigiana
Zucchina,La verdura verde lunga e sottile
Pomodoro,Il frutto rosso della pizza e pasta
Pomodoro,San Marzano è il migliore per il sugo
Cipolla,La verdura che fa piangere quando si taglia
Aglio,L'aroma che allontana le vampire
Patata,La verdura tubero che si frigge
Patata,In padella al forno o fritta si mangia
Insalata,La verdura verde che si mangia cruda
Lattuga,La verdura a foglia larga e verde
Spinaci,La verdura verde che piace a Braccio di Ferro
Broccoli,La verdura verde a forma di alberello
Cavolo,La verdura a foglia grande e verde
Verza,La verdura a foglia riccia e verde
Radicchio,La verdura rossa dal sapore amaro
Finocchio,La verdura bianca croccante e profumata
Sedano,La verdura verde con i fili lunghi
Carota,La verdura arancione che piace ai conigli
Barbabietola,La verdura rossa dolce e terrosa
Zucca,La verdura arancione di Halloween
Peperone,La verdura colorata a forma di campana
Fagiolini,I legumi verdi lunghi e sottili
Fagioli,I legumi che fanno fare le ruttine
Ceci,I legumi tondi per l'hummus
Lenticchie,I legumi piccoli che portano fortuna
Piselli,I legumi verdi dolci e tondi
Fave,I legumi grandi con il baccello
Soia,Il legume da cui si fa il latte
Grano,Il cereale da cui si fa la farina
Orzo,Il cereale per la birra e il caffè
Avena,Il cereale per la colazione sana
Farina,La polvere bianca per fare il pane
Farina,Di grano tenero o duro si usa
Sale,Il condimento bianco che dà sapore
Pepe,Il condimento nero che pizzica
Peperoncino,Il condimento rosso che brucia
Zucchero,Il condimento bianco dolce per i dolci
Miele,Il condimento dolce fatto dalle api
Aceto,Il liquido acido per condire l'insalata
Senape,La salsa gialla piccante per i wurstel
Ketchup,La salsa rossa di pomodoro per le patatine
Maionese,La salsa bianca cremosa per le insalate
Pesto,La salsa verde di basilico genovese
Sugo,La salsa di pomodoro per la pasta
Ragà¹¹,Il sugo di carne per la pasta
Besciamella,La salsa bianca per le lasagne
Zuppa,Il piatto liquido caldo con verdure
Minestra,Il piatto caldo con pasta e verdure
Vellutata,La zuppa cremosa e liscia
Brodo,Il liquido di cottura della carne
Torta,Il dolce da forno per le feste
Dolce,Il cibo buono alla fine del pasto
Biscotto,Il dolce secco per la colazione
Cornetto,Il dolce lievitato per il cappuccino
Brioche,Il dolce lievitato francese dolce
Cannolo,Il dolce siciliano con la ricotta
Tiramisà¹¹,Il dolce al caffè con mascarpone e savoiardi
Panna,La crema bianca per i dolci
Cioccolato,Il dolce marrone che scioglie in bocca
Cane,Il migliore amico dell'uomo fedele
Cane,Abbaia e fa le fusa quando è contento
Gatto,Il felino domestico che fa le fusa
Gatto,Caccia i topi e ama dormire
Topo,Il piccolo roditore che ama il formaggio
Topo,Il nemico del gatto nelle case
Cavallo,L'animale grande che si cavalca
Cavallo,Ha quattro zampe e la criniera
Mucca,L'animale che fa il latte bianco
Mucca,Fa muu e dà il latte per i formaggi
Pecora,L'animale con la lana bianca
Pecora,Fa beee e vive nei pascoli
Capra,L'animale che scala le montagne
Capra,Ha le corna e la barba
Maiale,L'animale rosa che ama il fango
Maiale,Da lui si ricava la carne di
Gallina,L'animale che fa le uova
Gallina,Fa coccodè e vive nel pollaio
Gallo,Il maschio della gallina che canta
Gallo,Fa chicchirichì al mattino presto
Anatra,L'uccello acquatico che fa qua qua
Anatra,Ha le piume e nuota nell'acqua
Oca,L'uccello grande che fa oca oca
Oca,È più grande dell'anatra selvatica
Coniglio,Il piccolo animale con le orecchie lunghe
Coniglio,Salta e mangia carote e insalata
Lepre,Il cugino selvatico del coniglio
Lepre,Corre veloce nei campi aperti
Orso,Il grande mammifero della foresta
Orso,Va in letargo durante l'inverno
Lupo,Il canide selvatico che ulula
Lupo,Vive in branco e caccia in gruppo
Volpe,Il canide astuto dal pelo rosso
Volpe,È furba e vive nei boschi
Cervo,Il grande animale con le corna
Cervo,Il re della foresta con i palchi
Cinghiale,Il maiale selvatico dei boschi
Cinghiale,Ha le zanne e vive nella macchia
Istrice,Il roditore con gli aculei
Istrice,Si appallottola quando ha paura
Scoiattolo,Il piccolo roditore con la coda
Scoiattolo,Raccoglie le noci per l'inverno
Riccio,Il piccolo animale con gli aculei
Riccio,Si appallottola quando è spaventato
Talpa,Il piccolo animale che vive sottoterra
Pipistrello,Il mammifero che vola di notte
Pipistrello,Esce al tramonto e caccia insetti
Balena,Il più grande animale del mondo
Delfino,Salta fuori dall'acqua e gioca
Foca,Il mammifero marino con le pinne
Foca,Vive sui ghiacci del nord
Pinguino,L'uccello che non vola ma nuota
Aquila,Volta alta e ha una vista eccezionale
Gufo,L'uccello notturno che fa uhu
Civetta,Il piccolo gufo di campagna
Civetta,Fa il verso di notte nei campi
Pettiroso,Il piccolo uccello dal petto rosso
Merlo,Ha il becco giallo e nero
Colomba,L'uccello bianco simbolo di pace
Colomba,Volta in stormo e torna a casa
Piccione,Vive nelle piazze e sui palazzi
Gabbiano,Volta sulle onde e grida
Pappagallo,Ripete le parole che sente
Struzzo,L'uccello grande che non vola
Struzzo,Corre veloce e nasconde la testa
Pavone,L'uccello con la coda colorata
Pavone,Apre le piume a ventaglio
Fagiano,Vive nei boschi e nei campi
Tacchino,Il grande uccello da cortile
Tacchino,Si mangia a Natale in America
Cigno,Nuota nei laghi e nei fiumi
Pellicano,L'uccello con il becco a sacca
Pellicano,Pesca con il grande becco
Flamingo,L'uccello rosa che sta su una zampa
Avvoltoio,L'uccello spazzino che mangia carogne
Avvoltoio,Gira in cerchio nel cielo
Condor,Il grande uccello delle Ande
Condor,Il più grande uccello volatore
Serpente,Il rettile lungo senza zampe
Serpente,Striscia e può essere velenoso
Lucertola,Il piccolo rettile che corre
Lucertola,Perde la coda quando è spaventata
Camaleonte,Il rettile che cambia colore
Camaleonte,Ha gli occhi che si muovono indipendenti
Coccodrillo,Il grande rettile dei fiumi
Coccodrillo,Ha i denti grandi e la pelle dura
Tartaruga,Il rettile con il guscio
Tartaruga,Cammina lenta e vive a lungo
Rana,L'amfibio che salta e grida
Rana,Vive nell'acqua e sulla terra
Rospo,La rana con la pelle rugosa
Rospo,Vive nei luoghi umidi e bui
Tavolo,Il mobile con le gambe per mangiare
Tavolo,Ci si mette sopra per pranzare
Sedia,Il mobile con quattro gambe per sedersi
Sedia,Ha lo schienale e si usa per sedersi
Poltrona,La sedia comoda per il salotto
Poltrona,Ci si siede e si guarda la TV
Divano,Il mobile grande per sedersi in più
Divano,Ci si siede in famiglia la sera
Letto,Il mobile dove si dorme la notte
Letto,Ha il materasso e i cuscini
Materasso,La parte morbida dove si dorme
Materasso,Sta sopra le molle del letto
Cuscino,La cosa morbida per la testa
Cuscino,Si mette sul letto per dormire
Coperta,Il tessuto caldo per coprirsi
Coperta,Si usa d'inverno quando fa freddo
Lenzuola,I tessuti bianchi per il letto
Lenzuola,Si cambiano una volta alla settimana
Armadio,Il mobile alto per i vestiti
Armadio,Ci si appendono i vestiti dentro
Cassettiera,Il mobile con i cassetti
Cassettiera,Ci si mettono le cose piccole
Specchio,Il vetro che riflette l'immagine
Specchio,Ci si guarda per pettinarsi
Lampada,L'oggetto che fa luce la sera
Lampada,Si accende quando fa buio
Lampadina,La parte che fa luce nella lampada
Lampadario,La lampada grande del soffitto
Lampadario,Pende dal soffitto e illumina
Tenda,Si tira per fare buio in camera
Tappeto,Il tessuto per terra nel salotto
Tappeto,Ci si cammina sopra scalzi
Quadro,La pittura appesa al muro
Quadro,Decora le pareti della casa
Orologio,L'oggetto che segna le ore
Orologio,Si guarda per sapere che ora è
Sveglia,L'orologio che suona al mattino
Sveglia,Ci sveglia quando dobbiamo andare
Radio,Si ascolta la mattina per le notizie
Televisione,Lo schermo per vedere i programmi
Televisione,Si guarda la sera dopo cena
Telecomando,Si punta verso la TV
Telefono,L'apparecchio per parlare a distanza
Telefono,Si usa per chiamare gli amici
Computer,La macchina per lavorare e studiare
Computer,Ha lo schermo la tastiera e il mouse
Tastiera,La parte con i tasti del computer
Tastiera,Si usa per scrivere al computer
Mouse,L'oggetto che si muove sul tavolo
Mouse,Si clicca per selezionare le cose
Schermo,La parte del computer che si guarda
Schermo,Mostra le immagini e le parole
Libro,L'oggetto con le pagine da leggere
Libro,Si apre e si legge la sera
Libreria,Il mobile per i libri
Libreria,Ci si mettono i libri in ordine
Scaffale,Il mobile con i ripiani
Scaffale,Ci si appoggiano le cose
Vaso,Il contenitore per i fiori
Vaso,Si mette sul tavolo con i fiori
Fiore,Si mette nel vaso per decorare
Pianta,L'essere vivente verde in vaso
Pianta,Si innaffia per farla crescere
Pettine,Si passa tra i capelli per ordinarli
Spazzola,Si usa dopo il pettine
Asciugacapelli,L'apparecchio per asciugare i capelli
Asciugacapelli,Soffia aria calda sui capelli
Sapone,La cosa per lavarsi le mani
Sapone,Fa la schiuma con l'acqua
Shampoo,Il sapone per i capelli
Shampoo,Si usa sotto la doccia
Spazzolino,Si usa con il dentifricio
Dentifricio,La pasta per lavare i denti
Asciugamano,Si usa dopo la doccia
Accappatoio,Il vestito per dopo la doccia
Accappatoio,Si mette quando si esce dall'acqua
Doccia,Il posto dove si lava il corpo
Doccia,Si fa sotto l'acqua che cade
Vasca,La grande per fare il bagno
Vasca,Ci si entra per fare il bagno
Rubinetto,L'oggetto da cui esce l'acqua
Rubinetto,Si gira per far uscire l'acqua
Water,Il sanitario per i bisogni
Water,Si abbassa il coperchio dopo
Bidet,Si usa dopo il water
Lavandino,Il sanitario per lavarsi le mani
Lavandino,Ha il rubinetto e lo scarico
Frigorifero,L'apparecchio per il cibo freddo
Frigorifero,Ci si mette il latte e la carne
Congelatore,La parte molto fredda del frigo
Congelatore,Ci si mette il gelato
Forno,Ci si mette la pizza e la torta
Fornello,La parte per cuocere le pentole
Fornello,Ci si mette la pentola sopra
Pentola,Si mette sul fuoco per cucinare
Padella,La pentola bassa per friggere
Padella,Ci si fanno le uova e la carne
Coperchio,La parte che copre la pentola
Coperchio,Si mette sopra per non far uscire
Cucchiaio,Si usa per la minestra e il risotto
Forchetta,Si usa per la pasta e la carne
Coltello,Si usa per la carne e il pane
Piatto,Il contenitore per il cibo
Piatto,Ci si mette la pasta e la carne
Bicchiere,Ci si mette l'acqua e il vino
Tovaglia,Il tessuto per la tavola
Tovaglia,Si mette sul tavolo per mangiare
Tovagliolo,Il tessuto per pulirsi la bocca
Tovagliolo,Si usa durante il pasto
Scopa,L'oggetto per pulire il pavimento
Scopa,Si usa per raccogliere la polvere
Aspirapolvere,Aspira la polvere dal pavimento
Mocio,L'oggetto per lavare il pavimento
Mocio,Si usa con l'acqua e il detersivo
Secchio,Ci si mette l'acqua per lavare
Detersivo,Si usa per lavare i piatti
Lavatrice,La macchina per i vestiti
Lavatrice,Ci si mettono i panni sporchi
Stendino,L'oggetto per stendere i panni
Stendino,Ci si appendono i panni bagnati
Ferro,Si usa caldo per stirare i panni
Asse,Ci si mette sopra per stirare
Scarpe,Le cose per i piedi
Scarpe,Si mettono per uscire di casa
Stivali,Le scarpe alte per la pioggia
Ciabatte,Si mettono quando si è in casa
Cappotto,Il vestito pesante per l'inverno
Cappotto,Si mette quando fa molto freddo
Giacca,Il vestito per la mezza stagione
Giacca,Si mette in primavera e autunno
Maglia,Il vestito per il busto
Maglia,Si mette sotto la giacca
Pantaloni,Il vestito per le gambe
Pantaloni,Si mettono tutti i giorni
Gonna,Il vestito per le donne
Gonna,Si mette al posto dei pantaloni
Vestito,L'abito completo per le donne
Vestito,Si mette per le occasioni speciali
Cravatta,Si mette con la camicia
Cintura,Si mette per tenere su i pantaloni
Cappello,Si mette per proteggersi dal sole
Sciarpa,Si mette quando fa freddo
Guanti,Gli accessori per le mani
Guanti,Si mettono quando fa molto freddo
Calzini,Gli accessori per i piedi
Calzini,Si mettono dentro le scarpe
Borsa,L'accessorio per portare le cose
Borsa,Si mette la spesa e il portafoglio
Portafoglio,Si tiene nella borsa o in tasca
Chiavi,Gli oggetti per aprire le porte
Chiavi,Si usano per entrare in casa
Lucchetto,Si mette sulla porta o sul cancello
Scarpiera,Il mobile per le scarpe
Scarpiera,Ci si mettono le scarpe all'ingresso
Attaccapanni,Si mette all'ingresso di casa
Specchiera,Ci si guarda prima di uscire
Consolle,Ci si appoggiano le chiavi
Pouf,Ci si siede per mettere le scarpe
Sgabello,Si usa per raggiungere le cose alte
Scala,L'oggetto per salire in alto
Scala,Si usa per cambiare le lampadine
Trapano,Si usa per appendere i quadri
Martello,Si usa per piantare i chiodi
Chiodo,L'oggetto di metallo da piantare
Chiodo,Si pianta con il martello
Vite,Si avvita con il cacciavite
Cacciavite,Si gira per avvitare le viti
Chiave,Si usa per stringere i bulloni
Bullone,Si stringe con la chiave
Corda,Si usa per appendere le cose
Nastro,Si usa per attaccare le cose
Colla,Si usa per unire le cose
Forbici,Si usano per tagliare la carta
Carta,Si usa per scrivere e disegnare
Penna,Si usa per scrivere sulla carta
Matita,Si usa per disegnare e scrivere
Gomma,Si usa per cancellare la matita
Righello,Si usa per fare le linee dritte
Quaderno,Ci si scrivono i compiti
Diario,Il libro per gli appunti
Diario,Ci si scrivono le cose da fare
Calendario,Si guarda per sapere che giorno è
Agenda,Il libro per gli appuntamenti
Agenda,Ci si scrivono gli impegni
Rubrica,Il libro per i numeri
Rubrica,Ci si scrivono i numeri di telefono
Calcolatrice,La macchina per i calcoli
Calcolatrice,Si usa per fare i conti
Candela,Si accende quando manca la luce
Fiammifero,Si strofina per fare fuoco
Accendino,Si usa per le sigarette
Portacenere,Il contenitore per la cenere
Portacenere,Ci si spengono le sigarette
Sigaretta,Si accende e si fuma
Fumo,Quello che esce dalla sigaretta
Fumo,Esce dalla bocca di chi fuma
Cenere,Quello che resta dalla sigaretta
Pattumiera,Il contenitore per la spazzatura
Pattumiera,Ci si butta la spazzatura
Spazzatura,Quello che si butta via
Sacchetto,Ci si mette la spazzatura
Busta,Ci si mettono le lettere
Lettera,Si mette nella busta e si spedisce
Posta,Il servizio per le lettere
Posta,Porta le lettere a casa
Pacco,Il contenitore per le cose
Scatola,Ci si mettono le cose dentro
Contenitore,L'oggetto per mettere le cose
Contenitore,Ci si organizzano le cose
Barattolo,Ci si mette la marmellata
Bottiglia,Il contenitore per i liquidi
Bottiglia,Ci si mette l'acqua o il vino
Tappo,La parte che chiude la bottiglia
Tappo,Si gira per aprire la bottiglia
Cavatappi,Si usa per stappare il vino
Tazza,Il contenitore per il caffè
Tazza,Ci si beve il cappuccino
Tazzina,La tazza piccola per il caffè
Tazzina,Ci si beve il caffè espresso
Piatto,Ci si mette la pasta
Piatto,Il contenitore piano per mangiare
Piatto,Ci si serve la cena
Piatto,Il contenitore per il cibo
Piatto,Si usa tutti i giorni a tavola
Piatto,Si lava dopo aver mangiato
Piatto,Ci si mette il secondo
Piatto,Si usa per la pasta e la carne
Gennaio,Il primo mese dell'anno nuovo
Febbraio,Tra gennaio e marzo nel calendario
Marzo,Il mese che porta la primavera
Aprile,Il mese delle piogge e dei fiori
Maggio,Il mese più bello secondo il detto
Giugno,Il mese del solstizio d'estate
Luglio,Il mese più caldo dell'anno
Agosto,Il mese delle ferie e del mare
Settembre,Il mese che riporta al lavoro
Ottobre,Il mese delle foglie colorate
Novembre,Il mese dei defunti e della nebbia
Lunedì,Il primo giorno della settimana
Martedì,Il secondo giorno della settimana
Mercoledì,Il terzo giorno della settimana
Giovedì,Il quarto giorno della settimana
Venerdì,Il quinto giorno della settimana
Sabato,Il primo giorno del weekend
Domenica,Il giorno del riposo e della chiesa
Natale,La festa più attesa dell'anno
Pasqua,La festa mobile della primavera
Estate,La stagione del mare e del sole
Inverno,La stagione fredda con la neve
Primavera,La stagione dei fiori e del risveglio
Autunno,La stagione delle foglie che cadono
Riso,È lanciato agli sposi per augurio
Pasta,Il piatto forte della cucina italiana
Pizza,Il cibo italiano più famoso al mondo
Pane,Non manca mai sulla tavola italiana
Acqua,Il liquido essenziale per la vita
Vino,Il bianco va servito sempre freddo
Caffè,La bevanda preferita dagli italiani
Cioccolata,Il dolce marrone che piace ai bambini
Gelato,Il dolce freddo delle estati italiane
Limone,Giallo e profumato ricco di vitamina
Arancia,Il frutto arancione ricco di vitamina
Mela,Il frutto che tiene lontano il dottore
Banana,Il frutto curvo ricco di potassio
Pera,Il frutto dolce con la buccia sottile
Pesca,Il frutto estivo con la buccia pelosa
Anguria,Il frutto estivo rosso e dissetante
Melone,Il frutto estivo con la polpa dolce
Fragola,Il frutto rosso con i semini fuori
Ciliegia,Il frutto rosso con il picciolo verde
Uva,Il frutto che si trasforma in vino
Fico,Il frutto dolce con i semini dentro
Noce,Il frutto secco con il guscio duro
Mandorla,La frutta secca bianca e croccante
Nocciola,La frutta secca tonda e marroncina
Pistacchio,La frutta secca verde e saporita
Olio,Il liquido d'oro della cucina mediterranea
Burro,Il grasso animale per dolci e paste
Formaggio,Il latticino che si fa con il latte
Mozzarella,Il formaggio bianco elastico e filante
Parmigiano,Il formaggio stagionato da grattugiare
Gorgonzola,Il formaggio blu con le muffe buone
Ricotta,Il latticino fresco bianco e cremoso
Yogurt,Il latticino fermentato con i probiotici
Latte,Il liquido bianco che bevono i bambini
Uovo,Si rompe per fare la frittata
Carne,La proteina animale rossa o bianca
Manzo,La carne bovina rossa e saporita
Maiale,La carne del porco grassa e gustosa
Pollo,La carne bianca del volatile da cortile
Tacchino,La carne bianca del volatile americano
Coniglio,La carne bianca tenera e delicata
Agnello,La carne dell'ovino giovane e tenera
Pesce,L'animale che vive nell'acqua salata
Salmone,Il pesce rosa ricco di omega tre
Tonno,Il pesce grande che si conserva sott'olio
Merluzzo,Il pesce bianco magro e delicato
Orata,Il pesce pregiato dal sapore delicato
Branzino,Il pesce nobile dalle carni bianche
Sarde,I pesci piccoli azzurri e saporiti
Acciughe,I pesciolini azzurri sotto sale
Polpo,Il mollusco con otto lunghi tentacoli
Calamaro,Il mollusco con i tentacoli e gli occhi
Seppia,Il mollusco che fa l'inchiostro nero
Cozza,Il mollusco bivalve che si attacca
Vongola,Il mollusco bivalve che vive nella sabbia
Ostrica,Il mollusco pregiato che si mangia crudo
Gambero,Il crostaceo rosa che vive in mare
Scampo,Il crostaceo pregiato simile all'aragosta
Aragosta,Il crostaceo grande con le chele
Granchio,Il crostaceo che cammina di lato
Carciofo,La verdura con le foglie a punta
Melanzana,La verdura viola della parmigiana
Zucchina,La verdura verde lunga e sottile
Pomodoro,Il frutto rosso della pizza e pasta
Cipolla,La verdura che fa piangere quando si taglia
Aglio,L'aroma che allontana le vampire
Patata,La verdura tubero che si frigge
Insalata,La verdura verde che si mangia cruda
Lattuga,La verdura a foglia larga e verde
Spinaci,La verdura verde che piace a Braccio di Ferro
Broccoli,La verdura verde a forma di alberello
Cavolo,La verdura a foglia grande e verde
Verza,La verdura a foglia riccia e verde
Radicchio,La verdura rossa dal sapore amaro
Finocchio,La verdura bianca croccante e profumata
Sedano,La verdura verde con i fili lunghi
Carota,La verdura arancione che piace ai conigli
Barbabietola,La verdura rossa dolce e terrosa
Zucca,La verdura arancione di Halloween
Peperone,La verdura colorata a forma di campana
Fagiolini,I legumi verdi lunghi e sottili
Fagioli,I legumi che fanno fare le ruttine
Ceci,I legumi tondi per l'hummus
Lenticchie,I legumi piccoli che portano fortuna
Piselli,I legumi verdi dolci e tondi
Fave,I legumi grandi con il baccello
Soia,Il legume da cui si fa il latte
Grano,Il cereale da cui si fa la farina
Orzo,Il cereale per la birra e il caffè
Avena,Il cereale per la colazione sana
Farina,La polvere bianca per fare il pane
Sale,Il condimento bianco che dà sapore
Pepe,Il condimento nero che pizzica
Peperoncino,Il condimento rosso che brucia
Zucchero,Il condimento bianco dolce per i dolci
Miele,Il condimento dolce fatto dalle api
Aceto,Il liquido acido per condire l'insalata
Senape,La salsa gialla piccante per i wurstel
Ketchup,La salsa rossa di pomodoro per le patatine
Maionese,La salsa bianca cremosa per le insalate
Pesto,La salsa verde di basilico genovese
Sugo,La salsa di pomodoro per la pasta
Ragà¹¹,Il sugo di carne per la pasta
Besciamella,La salsa bianca per le lasagne
Zuppa,Il piatto liquido caldo con verdure
Minestra,Il piatto caldo con pasta e verdure
Vellutata,La zuppa cremosa e liscia
Brodo,Il liquido di cottura della carne
Torta,Il dolce da forno per le feste
Dolce,Il cibo buono alla fine del pasto
Biscotto,Il dolce secco per la colazione
Cornetto,Il dolce lievitato per il cappuccino
Brioche,Il dolce lievitato francese dolce
Cannolo,Il dolce siciliano con la ricotta
Tiramisà¹¹,Il dolce al caffè con mascarpone e savoiardi
Panna,La crema bianca per i dolci
Cioccolato,Il dolce marrone che scioglie in bocca
Cane,Il migliore amico dell'uomo fedele
Gatto,Il felino domestico che fa le fusa
Topo,Il piccolo roditore che ama il formaggio
Cavallo,L'animale grande che si cavalca
Mucca,L'animale che fa il latte bianco
Pecora,L'animale con la lana bianca
Capra,L'animale che scala le montagne
Maiale,L'animale rosa che ama il fango
Gallina,L'animale che fa le uova
Gallo,Il maschio della gallina che canta
Anatra,L'uccello acquatico che fa qua qua
Oca,L'uccello grande che fa oca oca
Coniglio,Il piccolo animale con le orecchie lunghe
Lepre,Il cugino selvatico del coniglio
Orso,Il grande mammifero della foresta
Lupo,Il canide selvatico che ulula
Volpe,Il canide astuto dal pelo rosso
Cervo,Il grande animale con le corna
Cinghiale,Il maiale selvatico dei boschi
Istrice,Il roditore con gli aculei
Scoiattolo,Il piccolo roditore con la coda
Riccio,Il piccolo animale con gli aculei
Talpa,Il piccolo animale che vive sottoterra
Pipistrello,Il mammifero che vola di notte
Foca,Il mammifero marino con le pinne
Pinguino,L'uccello che non vola ma nuota
Gufo,L'uccello notturno che fa uhu
Civetta,Il piccolo gufo di campagna
Pettiroso,Il piccolo uccello dal petto rosso
Colomba,L'uccello bianco simbolo di pace
Struzzo,L'uccello grande che non vola
Pavone,L'uccello con la coda colorata
Pellicano,L'uccello con il becco a sacca
Flamingo,L'uccello rosa che sta su una zampa
Avvoltoio,L'uccello spazzino che mangia carogne
Condor,Il grande uccello delle Ande
Serpente,Il rettile lungo senza zampe
Lucertola,Il piccolo rettile che corre
Camaleonte,Il rettile che cambia colore
Coccodrillo,Il grande rettile dei fiumi
Tartaruga,Il rettile con il guscio
Rana,L'amfibio che salta e grida
Rospo,La rana con la pelle rugosa
Tavolo,Il mobile con le gambe per mangiare
Sedia,Il mobile con quattro gambe per sedersi
Poltrona,La sedia comoda per il salotto
Divano,Il mobile grande per sedersi in più
Letto,Il mobile dove si dorme la notte
Materasso,La parte morbida dove si dorme
Cuscino,La cosa morbida per la testa
Coperta,Il tessuto caldo per coprirsi
Lenzuola,I tessuti bianchi per il letto
Armadio,Il mobile alto per i vestiti
Cassettiera,Il mobile con i cassetti
Specchio,Il vetro che riflette l'immagine
Lampada,L'oggetto che fa luce la sera
Lampadina,La parte che fa luce nella lampada
Lampadario,La lampada grande del soffitto
Tappeto,Il tessuto per terra nel salotto
Quadro,La pittura appesa al muro
Orologio,L'oggetto che segna le ore
Sveglia,L'orologio che suona al mattino
Televisione,Lo schermo per vedere i programmi
Telefono,L'apparecchio per parlare a distanza
Computer,La macchina per lavorare e studiare
Tastiera,La parte con i tasti del computer
Mouse,L'oggetto che si muove sul tavolo
Schermo,La parte del computer che si guarda
Libro,L'oggetto con le pagine da leggere
Libreria,Il mobile per i libri
Scaffale,Il mobile con i ripiani
Vaso,Il contenitore per i fiori
Pianta,L'essere vivente verde in vaso
Asciugacapelli,L'apparecchio per asciugare i capelli
Sapone,La cosa per lavarsi le mani
Shampoo,Il sapone per i capelli
Dentifricio,La pasta per lavare i denti
Accappatoio,Il vestito per dopo la doccia
Doccia,Il posto dove si lava il corpo
Vasca,La grande per fare il bagno
Rubinetto,L'oggetto da cui esce l'acqua
Water,Il sanitario per i bisogni
Lavandino,Il sanitario per lavarsi le mani
Frigorifero,L'apparecchio per il cibo freddo
Congelatore,La parte molto fredda del frigo
Fornello,La parte per cuocere le pentole
Padella,La pentola bassa per friggere
Coperchio,La parte che copre la pentola
Tovaglia,Il tessuto per la tavola
Tovagliolo,Il tessuto per pulirsi la bocca
Scopa,L'oggetto per pulire il pavimento
Mocio,L'oggetto per lavare il pavimento
Lavatrice,La macchina per i vestiti
Stendino,L'oggetto per stendere i panni
Scarpe,Le cose per i piedi
Stivali,Le scarpe alte per la pioggia
Cappotto,Il vestito pesante per l'inverno
Giacca,Il vestito per la mezza stagione
Maglia,Il vestito per il busto
Pantaloni,Il vestito per le gambe
Gonna,Il vestito per le donne
Vestito,L'abito completo per le donne
Guanti,Gli accessori per le mani
Calzini,Gli accessori per i piedi
Borsa,L'accessorio per portare le cose
Chiavi,Gli oggetti per aprire le porte
Scarpiera,Il mobile per le scarpe
Scala,L'oggetto per salire in alto
Chiodo,L'oggetto di metallo da piantare
Diario,Il libro per gli appunti
Agenda,Il libro per gli appuntamenti
Rubrica,Il libro per i numeri
Calcolatrice,La macchina per i calcoli
Portacenere,Il contenitore per la cenere
Fumo,Quello che esce dalla sigaretta
Cenere,Quello che resta dalla sigaretta
Pattumiera,Il contenitore per la spazzatura
Spazzatura,Quello che si butta via
Posta,Il servizio per le lettere
Pacco,Il contenitore per le cose
Contenitore,L'oggetto per mettere le cose
Bottiglia,Il contenitore per i liquidi
Tappo,La parte che chiude la bottiglia
Tazza,Il contenitore per il caffè
Tazzina,La tazza piccola per il caffè
Mare,La grande distesa di acqua salata
Fiume,Il corso d'acqua che scorre
Bosco,Il luogo con molti alberi
Foresta,Il grande spazio con alberi
Prato,Il luogo con l'erba verde
Spiaggia,La riva del mare con sabbia
Valle,La zona bassa tra le montagne
Deserto,Il luogo arido senza acqua
Strada,La via per camminare e guidare
Piazza,Lo spazio aperto in città
Parco,Il giardino pubblico della città
Tunnel,Il passaggio sotto la montagna
Stazione,Il luogo dove arrivano i treni
Aeroporto,Il luogo dove atterrano gli aerei
Ospedale,Il luogo dove si curano i malati
Scuola,Il luogo dove si studia
Università,Il luogo degli studi superiori
Chiesa,Il luogo di preghiera cristiano
Teatro,Il luogo degli spettacoli dal vivo
Museo,Il luogo delle opere d'arte
Biblioteca,Il luogo dei libri in prestito
Ristorante,Il luogo dove si mangia seduti
Bar,Il luogo dove si prende il caffè
Supermercato,Il grande negozio di alimentari
Edicola,Il negozio di giornali e riviste
Panificio,Il negozio del pane fresco
Fruttivendolo,Il negozio di frutta e verdura
Giornale,Il foglio con le notizie
Romanzo,Il libro di narrativa lunga
Poesia,Il componimento letterario in versi
Fiaba,La storia fantastica per bambini
Mito,La leggenda degli antichi popoli
Storia,Il racconto di fatti accaduti
Biografia,La storia della vita di qualcuno
Autobiografia,La storia della propria vita
Lettera,Il messaggio scritto a qualcuno
Biglietto,Il piccolo foglio con messaggio
Invito,Il biglietto per un evento
Auguri,Le parole per una festa
Regalo,La cosa che si dona
Battesimo,La festa religiosa del neonato
Funerale,La cerimonia per i defunti
Vacanza,Il periodo di riposo e divertimento
Viaggio,Lo spostamento in luoghi lontani
Gita,Il breve viaggio di piacere
Passeggiata,Il cammino lento per piacere
Corsa,Il movimento veloce a piedi
Ciclismo,Lo sport con la bicicletta
Calcio,Lo sport con il pallone
Basket,Lo sport con il canestro
Tennis,Lo sport con racchetta e pallina
Volley,Lo sport di squadra con la rete
Rugby,Lo sport con il pallone ovale
Golf,Lo sport con mazza e buca
Atletica,Lo sport delle gare di corsa
Ginnastica,Lo sport degli esercizi fisici
Yoga,La disciplina di corpo e mente
Pilates,Il metodo di esercizi controllati
Danza,Il movimento ritmico a musica
Ballo,Il movimento a coppie a musica
Canzone,Il brano musicale con parole
Melodia,La successione di note musicali
Ritmo,La scansione temporale della musica
Armonia,La combinazione di suoni simultanei
Pianoforte,Lo strumento a tastiera con corde
Violino,Lo strumento ad arco piccolo
Chitarra,Lo strumento a corde da pizzicare
Batteria,Lo strumento a percussione moderno
Tamburo,Lo strumento a percussione antico
Flauto,Lo strumento a fiato di legno
Tromba,Lo strumento a fiato di metallo
Sassofono,Lo strumento a fiato ad ancia
Organo,Lo strumento a tastiera da chiesa
Arpa,Lo strumento a corde triangolare
Liuto,Lo strumento antico a corde
Mandolino,Lo strumento simile alla chitarra
Fisarmonica,Lo strumento a mantice e tasti
Xilofono,Lo strumento a percussione di legno
Maracas,Lo strumento a percussione latino
Triangolo,Lo strumento metallico a tre lati
Campana,Lo strumento che suona a battaglio
Sirena,Il suono forte di allarme
Fischietto,Il piccolo strumento per fischiare
Cornetta,Il piccolo strumento a fiato
Megafono,Lo strumento per amplificare la voce
Altoparlante,Il dispositivo che diffonde suono
Microfono,Lo strumento per captare la voce
Cuffie,Il dispositivo per ascoltare in privato
Radio,Il dispositivo per ascoltare trasmissioni
Televisione,Il dispositivo per vedere programmi
Computer,Il dispositivo elettronico per elaborare
Telefono,Il dispositivo per parlare a distanza
Fax,Il dispositivo per inviare documenti
Stampante,Il dispositivo per stampare su carta
Scanner,Il dispositivo per digitalizzare documenti
Fotocamera,Il dispositivo per fare foto
Videocamera,Il dispositivo per fare video
Proiettore,Il dispositivo per proiettare immagini
Schermo,La superficie per vedere immagini
Televisore,L'apparecchio per vedere la TV
Decoder,Il dispositivo per decodificare segnali
Antenna,Il dispositivo per captare onde
Satellite,L'oggetto in orbita per telecomunicazioni
Razzo,Il veicolo per lo spazio
Aereo,Il veicolo che vola nell'aria
Elicottero,Il veicolo con le pale rotanti
Aliante,Il veicolo che plana senza motore
Deltaplano,Il veicolo leggero per volare
Paracadute,Il dispositivo per scendere dall'aria
Barca,Il veicolo per navigare sull'acqua
Nave,La grande barca per trasporto
Traghetto,La nave per attraversare tratti d'acqua
Yacht,La barca da diporto elegante
Canoa,La barca leggera da remi
Kayak,La canoa chiusa per acque agitate
Sottomarino,Il veicolo che naviga sott'acqua
Treno,Il veicolo su rotaie per trasporto
Tram,Il veicolo su rotaie cittadino
Autobus,Il veicolo su gomma per trasporto
Furgone,Il veicolo per trasporto merci
Camion,Il grande veicolo per trasporto pesante
Auto,Il veicolo per trasporto persone
Automobile,La macchina per guidare su strada
Macchina,Il veicolo a motore per persone
Moto,Il veicolo a due ruote a motore
Scooter,La moto piccola per città
Bicicletta,Il veicolo a due ruote a pedali
Monopattino,Il veicolo a due ruote da spingere
Skateboard,La tavola con rotelle per scivolare
Pattini,Le calzature con rotelle per scivolare
Sci,Attrezzi per scivolare sulla neve
Snowboard,La tavola per scendere sulla neve
Slittino,Il veicolo per scivolare sulla neve
Bob,Il veicolo per gare su ghiaccio
Slitta,Il mezzo per trasportare sulla neve
Carro,Il veicolo antico a trazione animale
Carrozza,Il veicolo elegante a cavalli
Diligenza,La carrozza per trasporto passeggeri
Carretto,Il piccolo carro per merci
Carriola,Il veicolo a una ruota per trasporto
Triciclo,Il veicolo a tre ruote per bambini
Bicicletta,Il veicolo a due ruote per adulti
Tandem,La bicicletta per due persone
Cyclette,La bicicletta fissa per esercizio
Ellittica,La macchina per esercizio cardio
Tapis roulant,Il nastro per correre al chiuso
Cyclette,La bici stazionaria per allenamento
Pesi,Attrezzi per esercizi di forza
Manubri,I pesi piccoli per braccia
Bilanciere,La sbarra con pesi per sollevamento
Panca,Il supporto per esercizi sdraiati
Sbarra,Attrezzo per esercizi di trazione
Parallele,Attrezzi per esercizi a corpo libero
Spalliera,La struttura per esercizi di ginnastica
Materassino,Il tappetino per esercizi a terra
Tappetino,Il supporto per yoga e pilates
Bola,La palla grande per esercizi
Palla,La sfera per giochi e sport
Pallone,La palla grande per calcio
Pallina,La sfera piccola per tennis
Pallavolo,La palla per il gioco di squadra
Pallacanestro,La palla per il gioco con canestro
Pallamano,La palla per il gioco con le mani
Pallanuoto,La palla per il gioco in acqua
Pallone,La sfera gonfia per giocare
Ovale,La forma del pallone da rugby
Spicchi,Le sezioni del pallone da basket
Cuciture,Le linee del pallone da calcio
Valvola,La parte per gonfiare il pallone
Pompa,Lo strumento per gonfiare palloni
Rete,La struttura per delimitare il campo
Porta,La struttura dove segnare i gol
Canestro,Il cesto per segnare punti
Trampolino,La superficie elastica per saltare
Altalena,Il gioco che oscilla avanti e indietro
Scivolo,La superficie inclinata per scendere
Giostra,Il gioco che gira in tondo
Oscillazione,Il movimento avanti e indietro
Salto,Il movimento per staccarsi da terra
Corsa,Il movimento veloce con i piedi
Cammino,Il movimento lento con i piedi
Marcia,Il passo regolare e cadenzato
Passo,Il movimento di un piede
Orma,Il segno lasciato dal piede
Impronta,Il segno lasciato sul terreno
Segno,La traccia visibile di qualcosa
Traccia,Il segno di un passaggio
Pista,La traccia per seguire un percorso
Sentiero,Il percorso stretto nella natura
Strada,Il percorso largo per veicoli
Corso,La via principale della città
Boulevard,La strada larga e alberata
Autostrada,La strada veloce per automobili
Tangenziale,La strada intorno alla città
Circonvallazione,La strada che circonda un centro
Raccordo,La strada che collega due percorsi
Svincolo,Il punto di uscita dall'autostrada
Incrocio,Il punto dove si incontrano strade
Piazza,Lo spazio dove convergono vie
Rotonda,La piazza circolare per traffico
Sottopassaggio,Il passaggio sotto la strada
Sovrappassaggio,Il passaggio sopra la strada
Cavalcavia,Il ponte sopra una strada
Viadotto,Il ponte lungo su valle o fiume
Galleria,Il tunnel attraverso la montagna
Traforo,Il tunnel sotto una montagna
Cripta,La camera sotterranea sotto chiesa
Tomba,Il luogo di sepoltura dei defunti
Mausoleo,La tomba grandiosa e monumentale
Sarcofago,La tomba di pietra scolpita
Urna,Il contenitore per le ceneri
Colombario,Il muro con nicchie per urne
Ossario,Il luogo per conservare ossa
Cimitero,Il luogo di sepoltura dei defunti
Funerale,La cerimonia per i defunti
Cremazione,La riduzione in ceneri del corpo
Veglia,La cerimonia di vigilanza funebre
Lutto,Il periodo di dolore per perdita
Cordoglio,Il dolore per una perdita
Malinconia,La tristezza dolce e pensosa
Nostalgia,La tristezza per il passato
Rimpianto,Il dolore per ciò che non è
Rammarico,Il dispiacere per azioni passate
Rimorso,Il dolore per colpa commessa
Pentimento,Il dolore per errori fatti
Scuse,Le parole per chiedere perdono
Interrogare,Il fare domande per sapere
Risposta,La soluzione a una domanda
Replica,La risposta a una affermazione
Obiezione,La risposta contraria a qualcosa
Patto,Il accordo formale tra parti
Sottoscrizione,La firma su un documento
Documento,Il foglio con informazioni scritte
Foglio,Il pezzo di carta per scrivere
Carta,Il materiale per scrivere e stampare
Libro,Il foglio rilegato con contenuto
Volume,Il libro di grande formato
Tomo,Il libro di grandi dimensioni
Opera,Il lavoro letterario o artistico
Capitolo,La parte di un libro
Paragrafo,La sezione di un capitolo
Frase,La sequenza di parole con senso
Periodo,La frase complessa con più proposizioni
Proposizione,La frase con un verbo
Verbo,La parola che indica azione
Sostantivo,La parola che indica cosa
Aggettivo,La parola che qualifica il sostantivo
Avverbio,La parola che modifica il verbo
Pronome,La parola che sostituisce il nome
Preposizione,La parola che collega le parole
Congiunzione,La parola che unisce frasi
Interiezione,La parola che esprime emozione
Punteggiatura,I segni per organizzare il testo
Punto,Il segno che finisce la frase
Virgola,Il segno per breve pausa
Punto e virgola,Il segno per pausa media
Due punti,Il segno per introdurre qualcosa
Puntini,Il segno per indicare omissione
Virgolette,I segni per citare parole
Parentesi,I segni per informazioni aggiuntive
Trattino,Il segno per unire parole
Accento,Il segno per pronuncia corretta
Grave,Il segno di accento discendente
Acuto,Il segno di accento ascendente
Circonflesso,Il segno di accento curvo
Tilde,Il segno sopra la n spagnola
Dieresi,Il segno per vocali separate
Cediglia,Il segno sotto la c francese
Gennaio,Il primo mese dell'anno nuovo
Febbraio,Tra gennaio e marzo nel calendario
Marzo,Il mese che porta la primavera
Aprile,Il mese delle piogge e dei fiori
Maggio,Il mese più bello secondo il detto
Giugno,Il mese del solstizio d'estate
Luglio,Il mese più caldo dell'anno
Agosto,Il mese delle ferie e del mare
Settembre,Il mese che riporta al lavoro
Ottobre,Il mese delle foglie colorate
Novembre,Il mese dei defunti e della nebbia
Lunedì,Il primo giorno della settimana
Martedì,Il secondo giorno della settimana
Mercoledì,Il terzo giorno della settimana
Giovedì,Il quarto giorno della settimana
Venerdì,Il quinto giorno della settimana
Sabato,Il primo giorno del weekend
Domenica,Il giorno del riposo e della chiesa
Natale,La festa più attesa dell'anno
Pasqua,La festa mobile della primavera
Estate,La stagione del mare e del sole
Inverno,La stagione fredda con la neve
Primavera,La stagione dei fiori e del risveglio
Autunno,La stagione delle foglie che cadono
Riso,È lanciato agli sposi per augurio
Pasta,Il piatto forte della cucina italiana
Pizza,Il cibo italiano più famoso al mondo
Pane,Non manca mai sulla tavola italiana
Acqua,Il liquido essenziale per la vita
Vino,Il bianco va servito sempre freddo
Caffè,La bevanda preferita dagli italiani
Cioccolata,Il dolce marrone che piace ai bambini
Gelato,Il dolce freddo delle estati italiane
Limone,Giallo e profumato ricco di vitamina
Arancia,Il frutto arancione ricco di vitamina
Mela,Il frutto che tiene lontano il dottore
Banana,Il frutto curvo ricco di potassio
Pera,Il frutto dolce con la buccia sottile
Pesca,Il frutto estivo con la buccia pelosa
Anguria,Il frutto estivo rosso e dissetante
Melone,Il frutto estivo con la polpa dolce
Fragola,Il frutto rosso con i semini fuori
Ciliegia,Il frutto rosso con il picciolo verde
Uva,Il frutto che si trasforma in vino
Fico,Il frutto dolce con i semini dentro
Noce,Il frutto secco con il guscio duro
Mandorla,La frutta secca bianca e croccante
Nocciola,La frutta secca tonda e marroncina
Pistacchio,La frutta secca verde e saporita
Olio,Il liquido d'oro della cucina mediterranea
Burro,Il grasso animale per dolci e paste
Formaggio,Il latticino che si fa con il latte
Mozzarella,Il formaggio bianco elastico e filante
Parmigiano,Il formaggio stagionato da grattugiare
Gorgonzola,Il formaggio blu con le muffe buone
Ricotta,Il latticino fresco bianco e cremoso
Yogurt,Il latticino fermentato con i probiotici
Latte,Il liquido bianco che bevono i bambini
Uovo,Si rompe per fare la frittata
Carne,La proteina animale rossa o bianca
Manzo,La carne bovina rossa e saporita
Maiale,La carne del porco grassa e gustosa
Pollo,La carne bianca del volatile da cortile
Tacchino,La carne bianca del volatile americano
Coniglio,La carne bianca tenera e delicata
Agnello,La carne dell'ovino giovane e tenera
Pesce,L'animale che vive nell'acqua salata
Salmone,Il pesce rosa ricco di omega tre
Tonno,Il pesce grande che si conserva sott'olio
Merluzzo,Il pesce bianco magro e delicato
Orata,Il pesce pregiato dal sapore delicato
Branzino,Il pesce nobile dalle carni bianche
Sarde,I pesci piccoli azzurri e saporiti
Acciughe,I pesciolini azzurri sotto sale
Polpo,Il mollusco con otto lunghi tentacoli
Calamaro,Il mollusco con i tentacoli e gli occhi
Seppia,Il mollusco che fa l'inchiostro nero
Cozza,Il mollusco bivalve che si attacca
Vongola,Il mollusco bivalve che vive nella sabbia
Ostrica,Il mollusco pregiato che si mangia crudo
Gambero,Il crostaceo rosa che vive in mare
Scampo,Il crostaceo pregiato simile all'aragosta
Aragosta,Il crostaceo grande con le chele
Granchio,Il crostaceo che cammina di lato
Carciofo,La verdura con le foglie a punta
Melanzana,La verdura viola della parmigiana
Zucchina,La verdura verde lunga e sottile
Pomodoro,Il frutto rosso della pizza e pasta
Cipolla,La verdura che fa piangere quando si taglia
Aglio,L'aroma che allontana le vampire
Patata,La verdura tubero che si frigge
Insalata,La verdura verde che si mangia cruda
Lattuga,La verdura a foglia larga e verde
Spinaci,La verdura verde che piace a Braccio di Ferro
Broccoli,La verdura verde a forma di alberello
Cavolo,La verdura a foglia grande e verde
Verza,La verdura a foglia riccia e verde
Radicchio,La verdura rossa dal sapore amaro
Finocchio,La verdura bianca croccante e profumata
Sedano,La verdura verde con i fili lunghi
Carota,La verdura arancione che piace ai conigli
Barbabietola,La verdura rossa dolce e terrosa
Zucca,La verdura arancione di Halloween
Peperone,La verdura colorata a forma di campana
Fagiolini,I legumi verdi lunghi e sottili
Fagioli,I legumi che fanno fare le ruttine
Ceci,I legumi tondi per l'hummus
Lenticchie,I legumi piccoli che portano fortuna
Piselli,I legumi verdi dolci e tondi
Fave,I legumi grandi con il baccello
Soia,Il legume da cui si fa il latte
Grano,Il cereale da cui si fa la farina
Orzo,Il cereale per la birra e il caffè
Avena,Il cereale per la colazione sana
Farina,La polvere bianca per fare il pane
Sale,Il condimento bianco che dà sapore
Pepe,Il condimento nero che pizzica
Peperoncino,Il condimento rosso che brucia
Zucchero,Il condimento bianco dolce per i dolci
Miele,Il condimento dolce fatto dalle api
Aceto,Il liquido acido per condire l'insalata
Senape,La salsa gialla piccante per i wurstel
Ketchup,La salsa rossa di pomodoro per le patatine
Maionese,La salsa bianca cremosa per le insalate
Pesto,La salsa verde di basilico genovese
Sugo,La salsa di pomodoro per la pasta
Ragà¹¹,Il sugo di carne per la pasta
Besciamella,La salsa bianca per le lasagne
Zuppa,Il piatto liquido caldo con verdure
Minestra,Il piatto caldo con pasta e verdure
Vellutata,La zuppa cremosa e liscia
Brodo,Il liquido di cottura della carne
Torta,Il dolce da forno per le feste
Dolce,Il cibo buono alla fine del pasto
Biscotto,Il dolce secco per la colazione
Cornetto,Il dolce lievitato per il cappuccino
Brioche,Il dolce lievitato francese dolce
Cannolo,Il dolce siciliano con la ricotta
Tiramisà¹¹,Il dolce al caffè con mascarpone e savoiardi
Panna,La crema bianca per i dolci
Cioccolato,Il dolce marrone che scioglie in bocca
Cane,Il migliore amico dell'uomo fedele
Gatto,Il felino domestico che fa le fusa
Topo,Il piccolo roditore che ama il formaggio
Cavallo,L'animale grande che si cavalca
Mucca,L'animale che fa il latte bianco
Pecora,L'animale con la lana bianca
Capra,L'animale che scala le montagne
Maiale,L'animale rosa che ama il fango
Gallina,L'animale che fa le uova
Gallo,Il maschio della gallina che canta
Anatra,L'uccello acquatico che fa qua qua
Oca,L'uccello grande che fa oca oca
Coniglio,Il piccolo animale con le orecchie lunghe
Lepre,Il cugino selvatico del coniglio
Orso,Il grande mammifero della foresta
Lupo,Il canide selvatico che ulula
Volpe,Il canide astuto dal pelo rosso
Cervo,Il grande animale con le corna
Cinghiale,Il maiale selvatico dei boschi
Istrice,Il roditore con gli aculei
Scoiattolo,Il piccolo roditore con la coda
Riccio,Il piccolo animale con gli aculei
Talpa,Il piccolo animale che vive sottoterra
Pipistrello,Il mammifero che vola di notte
Foca,Il mammifero marino con le pinne
Pinguino,L'uccello che non vola ma nuota
Gufo,L'uccello notturno che fa uhu
Civetta,Il piccolo gufo di campagna
Pettiroso,Il piccolo uccello dal petto rosso
Colomba,L'uccello bianco simbolo di pace
Struzzo,L'uccello grande che non vola
Pavone,L'uccello con la coda colorata
Pellicano,L'uccello con il becco a sacca
Flamingo,L'uccello rosa che sta su una zampa
Avvoltoio,L'uccello spazzino che mangia carogne
Condor,Il grande uccello delle Ande
Serpente,Il rettile lungo senza zampe
Lucertola,Il piccolo rettile che corre
Camaleonte,Il rettile che cambia colore
Coccodrillo,Il grande rettile dei fiumi
Tartaruga,Il rettile con il guscio
Rana,L'amfibio che salta e grida
Rospo,La rana con la pelle rugosa
Tavolo,Il mobile con le gambe per mangiare
Sedia,Il mobile con quattro gambe per sedersi
Poltrona,La sedia comoda per il salotto
Divano,Il mobile grande per sedersi in più
Letto,Il mobile dove si dorme la notte
Materasso,La parte morbida dove si dorme
Cuscino,La cosa morbida per la testa
Coperta,Il tessuto caldo per coprirsi
Lenzuola,I tessuti bianchi per il letto
Armadio,Il mobile alto per i vestiti
Cassettiera,Il mobile con i cassetti
Specchio,Il vetro che riflette l'immagine
Lampada,L'oggetto che fa luce la sera
Lampadina,La parte che fa luce nella lampada
Lampadario,La lampada grande del soffitto
Tappeto,Il tessuto per terra nel salotto
Quadro,La pittura appesa al muro
Orologio,L'oggetto che segna le ore
Sveglia,L'orologio che suona al mattino
Televisione,Lo schermo per vedere i programmi
Telefono,L'apparecchio per parlare a distanza
Computer,La macchina per lavorare e studiare
Tastiera,La parte con i tasti del computer
Mouse,L'oggetto che si muove sul tavolo
Schermo,La parte del computer che si guarda
Libro,L'oggetto con le pagine da leggere
Libreria,Il mobile per i libri
Scaffale,Il mobile con i ripiani
Vaso,Il contenitore per i fiori
Pianta,L'essere vivente verde in vaso
Asciugacapelli,L'apparecchio per asciugare i capelli
Sapone,La cosa per lavarsi le mani
Shampoo,Il sapone per i capelli
Dentifricio,La pasta per lavare i denti
Accappatoio,Il vestito per dopo la doccia
Doccia,Il posto dove si lava il corpo
Vasca,La grande per fare il bagno
Rubinetto,L'oggetto da cui esce l'acqua
Water,Il sanitario per i bisogni
Lavandino,Il sanitario per lavarsi le mani
Frigorifero,L'apparecchio per il cibo freddo
Congelatore,La parte molto fredda del frigo
Fornello,La parte per cuocere le pentole
Padella,La pentola bassa per friggere
Coperchio,La parte che copre la pentola
Tovaglia,Il tessuto per la tavola
Tovagliolo,Il tessuto per pulirsi la bocca
Scopa,L'oggetto per pulire il pavimento
Mocio,L'oggetto per lavare il pavimento
Lavatrice,La macchina per i vestiti
Stendino,L'oggetto per stendere i panni
Scarpe,Le cose per i piedi
Stivali,Le scarpe alte per la pioggia
Cappotto,Il vestito pesante per l'inverno
Giacca,Il vestito per la mezza stagione
Maglia,Il vestito per il busto
Pantaloni,Il vestito per le gambe
Gonna,Il vestito per le donne
Vestito,L'abito completo per le donne
Guanti,Gli accessori per le mani
Calzini,Gli accessori per i piedi
Borsa,L'accessorio per portare le cose
Chiavi,Gli oggetti per aprire le porte
Scarpiera,Il mobile per le scarpe
Scala,L'oggetto per salire in alto
Chiodo,L'oggetto di metallo da piantare
Diario,Il libro per gli appunti
Agenda,Il libro per gli appuntamenti
Rubrica,Il libro per i numeri
Calcolatrice,La macchina per i calcoli
Portacenere,Il contenitore per la cenere
Fumo,Quello che esce dalla sigaretta
Cenere,Quello che resta dalla sigaretta
Pattumiera,Il contenitore per la spazzatura
Spazzatura,Quello che si butta via
Posta,Il servizio per le lettere
Pacco,Il contenitore per le cose
Contenitore,L'oggetto per mettere le cose
Bottiglia,Il contenitore per i liquidi
Tappo,La parte che chiude la bottiglia
Tazza,Il contenitore per il caffè
Tazzina,La tazza piccola per il caffè
Mare,La grande distesa di acqua salata
Fiume,Il corso d'acqua che scorre
Bosco,Il luogo con molti alberi
Foresta,Il grande spazio con alberi
Prato,Il luogo con l'erba verde
Spiaggia,La riva del mare con sabbia
Valle,La zona bassa tra le montagne
Deserto,Il luogo arido senza acqua
Strada,La via per camminare e guidare
Piazza,Lo spazio aperto in città
Parco,Il giardino pubblico della città
Tunnel,Il passaggio sotto la montagna
Stazione,Il luogo dove arrivano i treni
Aeroporto,Il luogo dove atterrano gli aerei
Ospedale,Il luogo dove si curano i malati
Scuola,Il luogo dove si studia
Università,Il luogo degli studi superiori
Chiesa,Il luogo di preghiera cristiano
Teatro,Il luogo degli spettacoli dal vivo
Museo,Il luogo delle opere d'arte
Biblioteca,Il luogo dei libri in prestito
Ristorante,Il luogo dove si mangia seduti
Bar,Il luogo dove si prende il caffè
Supermercato,Il grande negozio di alimentari
Edicola,Il negozio di giornali e riviste
Panificio,Il negozio del pane fresco
Fruttivendolo,Il negozio di frutta e verdura
Giornale,Il foglio con le notizie
Romanzo,Il libro di narrativa lunga
Poesia,Il componimento letterario in versi
Fiaba,La storia fantastica per bambini
Mito,La leggenda degli antichi popoli
Storia,Il racconto di fatti accaduti
Biografia,La storia della vita di qualcuno
Autobiografia,La storia della propria vita
Lettera,Il messaggio scritto a qualcuno
Biglietto,Il piccolo foglio con messaggio
Invito,Il biglietto per un evento
Auguri,Le parole per una festa
Regalo,La cosa che si dona
Battesimo,La festa religiosa del neonato
Funerale,La cerimonia per i defunti
Vacanza,Il periodo di riposo e divertimento
Viaggio,Lo spostamento in luoghi lontani
Gita,Il breve viaggio di piacere
Passeggiata,Il cammino lento per piacere
Corsa,Il movimento veloce a piedi
Ciclismo,Lo sport con la bicicletta
Calcio,Lo sport con il pallone
Basket,Lo sport con il canestro
Tennis,Lo sport con racchetta e pallina
Volley,Lo sport di squadra con la rete
Rugby,Lo sport con il pallone ovale
Golf,Lo sport con mazza e buca
Atletica,Lo sport delle gare di corsa
Ginnastica,Lo sport degli esercizi fisici
Yoga,La disciplina di corpo e mente
Pilates,Il metodo di esercizi controllati
Danza,Il movimento ritmico a musica
Ballo,Il movimento a coppie a musica
Canzone,Il brano musicale con parole
Melodia,La successione di note musicali
Ritmo,La scansione temporale della musica
Armonia,La combinazione di suoni simultanei
Pianoforte,Lo strumento a tastiera con corde
Violino,Lo strumento ad arco piccolo
Chitarra,Lo strumento a corde da pizzicare
Batteria,Lo strumento a percussione moderno
Tamburo,Lo strumento a percussione antico
Flauto,Lo strumento a fiato di legno
Tromba,Lo strumento a fiato di metallo
Sassofono,Lo strumento a fiato ad ancia
Organo,Lo strumento a tastiera da chiesa
Arpa,Lo strumento a corde triangolare
Liuto,Lo strumento antico a corde
Mandolino,Lo strumento simile alla chitarra
Fisarmonica,Lo strumento a mantice e tasti
Xilofono,Lo strumento a percussione di legno
Maracas,Lo strumento a percussione latino
Triangolo,Lo strumento metallico a tre lati
Campana,Lo strumento che suona a battaglio
Sirena,Il suono forte di allarme
Fischietto,Il piccolo strumento per fischiare
Cornetta,Il piccolo strumento a fiato
Megafono,Lo strumento per amplificare la voce
Altoparlante,Il dispositivo che diffonde suono
Microfono,Lo strumento per captare la voce
Cuffie,Il dispositivo per ascoltare in privato
Radio,Il dispositivo per ascoltare trasmissioni
Televisione,Il dispositivo per vedere programmi
Computer,Il dispositivo elettronico per elaborare
Telefono,Il dispositivo per parlare a distanza
Fax,Il dispositivo per inviare documenti
Stampante,Il dispositivo per stampare su carta
Scanner,Il dispositivo per digitalizzare documenti
Fotocamera,Il dispositivo per fare foto
Videocamera,Il dispositivo per fare video
Proiettore,Il dispositivo per proiettare immagini
Schermo,La superficie per vedere immagini
Televisore,L'apparecchio per vedere la TV
Decoder,Il dispositivo per decodificare segnali
Antenna,Il dispositivo per captare onde
Satellite,L'oggetto in orbita per telecomunicazioni
Razzo,Il veicolo per lo spazio
Aereo,Il veicolo che vola nell'aria
Elicottero,Il veicolo con le pale rotanti
Aliante,Il veicolo che plana senza motore
Deltaplano,Il veicolo leggero per volare
Paracadute,Il dispositivo per scendere dall'aria
Barca,Il veicolo per navigare sull'acqua
Nave,La grande barca per trasporto
Traghetto,La nave per attraversare tratti d'acqua
Yacht,La barca da diporto elegante
Canoa,La barca leggera da remi
Kayak,La canoa chiusa per acque agitate
Sottomarino,Il veicolo che naviga sott'acqua
Treno,Il veicolo su rotaie per trasporto
Tram,Il veicolo su rotaie cittadino
Autobus,Il veicolo su gomma per trasporto
Furgone,Il veicolo per trasporto merci
Camion,Il grande veicolo per trasporto pesante
Auto,Il veicolo per trasporto persone
Automobile,La macchina per guidare su strada
Macchina,Il veicolo a motore per persone
Moto,Il veicolo a due ruote a motore
Scooter,La moto piccola per città
Bicicletta,Il veicolo a due ruote a pedali
Monopattino,Il veicolo a due ruote da spingere
Skateboard,La tavola con rotelle per scivolare
Pattini,Le calzature con rotelle per scivolare
Sci,Attrezzi per scivolare sulla neve
Snowboard,La tavola per scendere sulla neve
Slittino,Il veicolo per scivolare sulla neve
Bob,Il veicolo per gare su ghiaccio
Slitta,Il mezzo per trasportare sulla neve
Carro,Il veicolo antico a trazione animale
Carrozza,Il veicolo elegante a cavalli
Diligenza,La carrozza per trasporto passeggeri
Carretto,Il piccolo carro per merci
Carriola,Il veicolo a una ruota per trasporto
Triciclo,Il veicolo a tre ruote per bambini
Tandem,La bicicletta per due persone
Cyclette,La bicicletta fissa per esercizio
Ellittica,La macchina per esercizio cardio
Tapis roulant,Il nastro per correre al chiuso
Pesi,Attrezzi per esercizi di forza
Manubri,I pesi piccoli per braccia
Bilanciere,La sbarra con pesi per sollevamento
Panca,Il supporto per esercizi sdraiati
Sbarra,Attrezzo per esercizi di trazione
Parallele,Attrezzi per esercizi a corpo libero
Spalliera,La struttura per esercizi di ginnastica
Materassino,Il tappetino per esercizi a terra
Tappetino,Il supporto per yoga e pilates
Bola,La palla grande per esercizi
Palla,La sfera per giochi e sport
Pallone,La palla grande per calcio
Pallina,La sfera piccola per tennis
Pallavolo,La palla per il gioco di squadra
Pallacanestro,La palla per il gioco con canestro
Pallamano,La palla per il gioco con le mani
Pallanuoto,La palla per il gioco in acqua
Ovale,La forma del pallone da rugby
Spicchi,Le sezioni del pallone da basket
Cuciture,Le linee del pallone da calcio
Valvola,La parte per gonfiare il pallone
Pompa,Lo strumento per gonfiare palloni
Rete,La struttura per delimitare il campo
Porta,La struttura dove segnare i gol
Canestro,Il cesto per segnare punti
Trampolino,La superficie elastica per saltare
Altalena,Il gioco che oscilla avanti e indietro
Scivolo,La superficie inclinata per scendere
Giostra,Il gioco che gira in tondo
Oscillazione,Il movimento avanti e indietro
Salto,Il movimento per staccarsi da terra
Cammino,Il movimento lento con i piedi
Marcia,Il passo regolare e cadenzato
Passo,Il movimento di un piede
Orma,Il segno lasciato dal piede
Impronta,Il segno lasciato sul terreno
Segno,La traccia visibile di qualcosa
Traccia,Il segno di un passaggio
Pista,La traccia per seguire un percorso
Sentiero,Il percorso stretto nella natura
Corso,La via principale della città
Boulevard,La strada larga e alberata
Autostrada,La strada veloce per automobili
Tangenziale,La strada intorno alla città
Circonvallazione,La strada che circonda un centro
Raccordo,La strada che collega due percorsi
Svincolo,Il punto di uscita dall'autostrada
Incrocio,Il punto dove si incontrano strade
Rotonda,La piazza circolare per traffico
Sottopassaggio,Il passaggio sotto la strada
Sovrappassaggio,Il passaggio sopra la strada
Cavalcavia,Il ponte sopra una strada
Viadotto,Il ponte lungo su valle o fiume
Galleria,Il tunnel attraverso la montagna
Traforo,Il tunnel sotto una montagna
Cripta,La camera sotterranea sotto chiesa
Tomba,Il luogo di sepoltura dei defunti
Mausoleo,La tomba grandiosa e monumentale
Sarcofago,La tomba di pietra scolpita
Urna,Il contenitore per le ceneri
Colombario,Il muro con nicchie per urne
Ossario,Il luogo per conservare ossa
Cimitero,Il luogo di sepoltura dei defunti
Cremazione,La riduzione in ceneri del corpo
Veglia,La cerimonia di vigilanza funebre
Lutto,Il periodo di dolore per perdita
Cordoglio,Il dolore per una perdita
Malinconia,La tristezza dolce e pensosa
Nostalgia,La tristezza per il passato
Rimpianto,Il dolore per ciò che non è
Rammarico,Il dispiacere per azioni passate
Rimorso,Il dolore per colpa commessa
Pentimento,Il dolore per errori fatti
Scuse,Le parole per chiedere perdono
Interrogare,Il fare domande per sapere
Risposta,La soluzione a una domanda
Replica,La risposta a una affermazione
Obiezione,La risposta contraria a qualcosa
Patto,Il accordo formale tra parti
Sottoscrizione,La firma su un documento
Documento,Il foglio con informazioni scritte
Foglio,Il pezzo di carta per scrivere
Carta,Il materiale per scrivere e stampare
Volume,Il libro di grande formato
Tomo,Il libro di grandi dimensioni
Opera,Il lavoro letterario o artistico
Capitolo,La parte di un libro
Paragrafo,La sezione di un capitolo
Frase,La sequenza di parole con senso
Periodo,La frase complessa con più proposizioni
Proposizione,La frase con un verbo
Verbo,La parola che indica azione
Sostantivo,La parola che indica cosa
Aggettivo,La parola che qualifica il sostantivo
Avverbio,La parola che modifica il verbo
Pronome,La parola che sostituisce il nome
Preposizione,La parola che collega le parole
Congiunzione,La parola che unisce frasi
Interiezione,La parola che esprime emozione
Punteggiatura,I segni per organizzare il testo
Punto,Il segno che finisce la frase
Virgola,Il segno per breve pausa
Punto e virgola,Il segno per pausa media
Due punti,Il segno per introdurre qualcosa
Puntini,Il segno per indicare omissione
Virgolette,I segni per citare parole
Parentesi,I segni per informazioni aggiuntive
Trattino,Il segno per unire parole
Accento,Il segno per pronuncia corretta
Grave,Il segno di accento discendente
Acuto,Il segno di accento ascendente
Circonflesso,Il segno di accento curvo
Tilde,Il segno sopra la n spagnola
Dieresi,Il segno per vocali separate
Cediglia,Il segno sotto la c francese
Sole,La stella che illumina la Terra
Luna,Il satellite naturale della Terra
Stella,Il corpo celeste che brilla
Pianeta,Il corpo che orbita intorno al sole
Marte,Il pianeta rosso del sistema solare
Giove,Il pianeta più grande del sistema solare
Saturno,Il pianeta con gli anelli visibili
Urano,Il pianeta ghiacciato del sistema solare
Nettuno,Il pianeta blu lontano dal sole
Mercurio,Il pianeta più vicino al sole
Venere,Il pianeta più luminoso nel cielo
Cometa,Il corpo celeste con la coda
Meteora,La stella cadente nel cielo
Asteroidi,I corpi rocciosi tra Marte e Giove
Galassia,L'insieme di stelle e pianeti
Universo,L'insieme di tutto ciò che esiste
Cosmo,Lo spazio infinito con le stelle
Spazio,Il vuoto tra i corpi celesti
Orbita,Il percorso dei pianeti intorno al sole
Gravità,La forza che attrae i corpi
Elettricità,La forma di energia nelle prese
Energia,La capacità di compiere lavoro
Forza,La spinta o trazione su un corpo
Moto,Il movimento di un corpo
Quiete,Lo stato di fermo di un corpo
Equilibrio,Lo stato di stabilità di un corpo
Peso,La misura della gravità su un corpo
Massa,La quantità di materia in un corpo
Volume,Lo spazio occupato da un corpo
Densità,Il rapporto tra massa e volume
Temperatura,La misura del caldo e freddo
Caldo,La sensazione di temperatura alta
Freddo,La sensazione di temperatura bassa
Termometro,Lo strumento per misurare temperatura
Barometro,Lo strumento per misurare pressione
Pressione,La forza su una superficie
Umidità,La quantità di vapore nell'aria
Bagnato,Lo stato con acqua addosso
Asciutto,Lo stato senza acqua addosso
Piooggia,Le gocce d'acqua dal cielo
Neve,I cristalli di ghiaccio dal cielo
Grandine,Le palline di ghiaccio dal cielo
Nebbia,Il vapore acqueo vicino al terreno
Nuvola,La massa di vapore nel cielo
Cielo,Lo spazio sopra la Terra
Azzurro,Il colore del cielo sereno
Blu,Il colore del mare profondo
Verde,Il colore dell'erba e delle foglie
Rosso,Il colore del sangue e delle rose
Giallo,Il colore del sole e dei limoni
Arancione,Il colore delle arance mature
Viola,Il colore delle viole e melanzane
Rosa,Il colore delle rose e dei fiori
Marrone,Il colore della terra e del legno
Nero,Il colore della notte e del carbone
Bianco,Il colore della neve e del latte
Grigio,Il colore delle nuvole di pioggia
Argento,Il metallo bianco e prezioso
Oro,Il metallo giallo e prezioso
Rame,Il metallo rosso per fili elettrici
Ferro,Il metallo grigio per costruzioni
Acciaio,La lega di ferro e carbonio
Alluminio,Il metallo leggero per lattine
Piombo,Il metallo pesante e malleabile
Zinco,Il metallo per proteggere dalla ruggine
Ottone,La lega di rame e zinco
Bronzo,La lega di rame e stagno
Perla,Il gioiello bianco delle ostriche
Cristallo,Il vetro trasparente e brillante
Vetro,Il materiale trasparente per finestre
Plastica,Il materiale sintetico per oggetti
Gomma,Il materiale elastico per pneumatici
Legno,Il materiale naturale per mobili
Carta,Il materiale per scrivere e stampare
Tessuto,Il materiale per vestiti e tende
Lana,La fibra naturale delle pecore
Cotone,La fibra naturale delle piante
Lino,La fibra naturale per tessuti pregiati
Seta,La fibra naturale dei bachi
Pelle,Il materiale per scarpe e borse
Cuoio,La pelle lavorata per oggetti
Sughero,Il materiale per tappi di bottiglia
Cera,Il materiale per candele e lucidare
Sapone,Il prodotto per lavare e pulire
Detersivo,Il prodotto per lavare i panni
Shampoo,Il prodotto per lavare i capelli
Balsamo,Il prodotto per ammorbidire i capelli
Crema,Il prodotto per idratare la pelle
Lozione,Il prodotto liquido per la pelle
Olio,Il prodotto per massaggi e cucina
Profumo,Il prodotto per profumare il corpo
Deodorante,Il prodotto per evitare cattivi odori
Trucco,Il prodotto per abbellire il viso
Rossetto,Il prodotto per colorare le labbra
Fondotinta,Il prodotto per uniformare la pelle
Cipria,Il prodotto in polvere per il viso
Fard,Il prodotto per colorare le guance
Ombretto,Il prodotto per truccare gli occhi
Mascara,Il prodotto per allungare le ciglia
Matita,Il prodotto per truccare occhi e labbra
Smalto,Il prodotto per colorare le unghie
Acetone,Il prodotto per togliere lo smalto
Rasoi,Lo strumento per radere i peli
Lama,La parte tagliente del rasoio
Spazzola,Lo strumento per pettinare i capelli
Pettine,Lo strumento con i denti per capelli
Forbici,Lo strumento per tagliare capelli e unghie
Tagliaunghie,Lo strumento per tagliare le unghie
Limetta,Lo strumento per limare le unghie
Pinzetta,Lo strumento per togliere peli
Cotton fioc,Il bastoncino con cotone per orecchie
Spazzolino,Lo strumento per lavare i denti
Dentifricio,La pasta per lavare i denti
Filointerdentale,Il filo per pulire tra i denti
Collutorio,Il liquido per sciacquare la bocca
Bagnoschiuma,Il prodotto per fare il bagno
Saponetta,Il sapone solido per le mani
Docciaschiuma,Il prodotto per fare la doccia
Salvietta,Il tessuto umido per pulirsi
Fazzoletto,Il tessuto per pulirsi naso e bocca
Asciugamano,Il tessuto per asciugarsi dopo il bagno
Accappatoio,Il vestito per dopo il bagno
Ciabatte,Le scarpe per la casa
Pantofole,Le scarpe calde per l'inverno
Stivali,Le scarpe alte per la pioggia
Sandali,Le scarpe aperte per l'estate
Infradito,Le scarpe con il dito per il mare
Zoccoli,Le scarpe di legno o gomma
Pattini,Le scarpe con rotelle per scivolare
Sci,Attrezzi per scivolare sulla neve
Pattini,Le lame per scivolare sul ghiaccio
Casco,Il copricapo per proteggere la testa
Occhiali,Il dispositivo per proteggere o vedere
Sole,La stella che illumina il giorno
Luna,Il satellite che illumina la notte
Stelle,I corpi celesti che brillano
Pianeti,I corpi che orbitano intorno al sole
Terra,Il pianeta dove viviamo tutti
Marte,Il pianeta rosso esplorato dai robot
Giove,Il gigante gassoso del sistema solare
Saturno,Il pianeta con gli anelli spettacolari
Urano,Il pianeta che ruota su un fianco
Mercurio,Il pianeta più vicino al sole
Venere,Il pianeta più caldo del sistema solare
Comete,I corpi celesti con la coda luminosa
Asteroidi,I frammenti rocciosi nello spazio
Meteore,Le stelle cadenti che bruciano
Galassie,Gli insiemi di miliardi di stelle
Universo,L'insieme di tutto ciò che esiste
Cosmo,Lo spazio infinito e misterioso
Orbite,I percorsi dei pianeti intorno al sole
Gravità,La forza che tiene i piedi a terra
Magnetismo,La forza che muove le bussole
Elettricità,L'energia che accende le luci
Energia,La capacità di far funzionare le cose
Forza,La spinta che muove gli oggetti
Velocità,La rapidità con cui ci si muove
Accelerazione,L'aumento della velocità di movimento
Moto,Il cambiamento di posizione nel tempo
Quiete,Lo stato di immobilità completa
Equilibrio,La condizione di stabilità perfetta
Bilancia,Lo strumento per misurare il peso
Peso,La forza di gravità su un corpo
Massa,La quantità di materia in un oggetto
Volume,Lo spazio occupato da un corpo
Densità,Il rapporto tra peso e volume
Temperatura,La misura del grado di calore
Caldo,La sensazione di temperatura elevata
Freddo,La sensazione di temperatura bassa
Termometro,Lo strumento per misurare il caldo
Barometro,Lo strumento per misurare la pressione
Pressione,La forza esercitata su una superficie
Umidità,La quantità di acqua nell'aria
Secco,Lo stato privo di umidità
Bagnato,Lo stato coperto di acqua
Asciutto,Lo stato privo di acqua
Piooggia,Le gocce d'acqua che cadono dal cielo
Neve,I cristalli di ghiaccio che cadono
Grandine,Le palline di ghiaccio che cadono
Nebbia,Il vapore acqueo vicino al suolo
Nuvola,La massa di vapore nel cielo
Cielo,La volta celeste sopra di noi
Azzurro,Il colore del cielo sereno
Blu,Il colore del mare profondo
Verde,Il colore della natura e delle piante
Rosso,Il colore del sangue e dell'amore
Giallo,Il colore del sole e della gioia
Arancione,Il colore dell'allegria e dei frutti
Viola,Il colore della regalità e mistero
Rosa,Il colore della dolcezza e romanticismo
Marrone,Il colore della terra e stabilità
Nero,Il colore della notte e eleganza
Bianco,Il colore della purezza e pace
Grigio,Il colore della neutralità e equilibrio
Argento,Il metallo prezioso bianco e brillante
Oro,Il metallo prezioso giallo e prezioso
Rame,Il metallo rosso per condurre elettricità
Ferro,Il metallo grigio per costruire
Acciaio,La lega resistente di ferro
Alluminio,Il metallo leggero per volare
Piombo,Il metallo pesante per proteggere
Zinco,Il metallo per prevenire la ruggine
Ottone,La lega dorata di rame e zinco
Bronzo,La lega antica di rame e stagno
Platino,Il metallo prezioso più raro
Diamante,La pietra più preziosa e dura
Rubino,La pietra preziosa rossa come sangue
Zaffiro,La pietra preziosa blu come cielo
Smeraldo,La pietra preziosa verde come prato
Perla,Il gioiello bianco e naturale
Cristallo,Il vetro puro e trasparente
Vetro,Il materiale trasparente per finestre
Plastica,Il materiale versatile e leggero
Gomma,Il materiale elastico e resistente
Legno,Il materiale naturale e caldo
Carta,Il materiale per scrivere e leggere
Tessuto,Il materiale per vestirsi e coprirsi
Lana,La fibra calda delle pecore
Cotone,La fibra fresca e naturale
Lino,La fibra pregiata e resistente
Seta,La fibra preziosa e lucente
Pelle,Il materiale naturale per scarpe
Cuoio,La pelle lavorata e resistente
Sughero,Il materiale leggero per tappi
Cera,Il materiale per candele e protezione
Sapone,Il prodotto per lavare e pulire
Detersivo,Il prodotto per lavare i vestiti
Shampoo,Il prodotto per capelli puliti
Balsamo,Il prodotto per capelli morbidi
Crema,Il prodotto per pelle idratata
Lozione,Il prodotto liquido per la cura
Olio,Il prodotto per nutrire e proteggere
Profumo,Il prodotto per essere profumati
Rossetto,Il prodotto per labbra colorate
Fondotinta,Il prodotto per pelle uniforme
Cipria,Il prodotto in polvere per il viso
Fard,Il prodotto per guance colorate
Ombretto,Il prodotto per occhi truccati
Mascara,Il prodotto per ciglia lunghe
Matita,Il prodotto per definire occhi
Smalto,Il prodotto per unghie colorate
Acetone,Il prodotto per togliere smalto
Rasoio,Lo strumento per barba liscia
Lama,La parte tagliente che rade
Spazzola,Lo strumento per capelli ordinati
Pettine,Lo strumento per districare capelli
Forbici,Lo strumento per tagliare con precisione
Tagliaunghie,Lo strumento per unghie corte
Limetta,Lo strumento per unghie lisce
Pinzetta,Lo strumento per peli indesiderati
Cotton fioc,Il bastoncino per orecchie pulite
Spazzolino,Lo strumento per denti sani
Dentifricio,La pasta per sorriso brillante
Filointerdentale,Il filo per spazi tra denti
Collutorio,Il liquido per bocca fresca
Bagnoschiuma,Il prodotto per bagno profumato
Saponetta,Il sapone solido per mani pulite
Docciaschiuma,Il prodotto per doccia rilassante
Salvietta,Il tessuto umido per pulizia veloce
Fazzoletto,Il tessuto per naso e bocca
Asciugamano,Il tessuto per corpo asciutto
Accappatoio,Il vestito per dopo bagno
Ciabatte,Le scarpe per comfort in casa
Pantofole,Le scarpe calde per inverno
Scarpe,Le calzature per camminare fuori
Stivali,Le scarpe alte per protezione
Sandali,Le scarpe aperte per estate
Infradito,Le scarpe minimali per mare
Zoccoli,Le scarpe pratiche per giardino
Pattini,Le scarpe con rotelle per divertimento
Sci,Attrezzi per scivolare su neve
Occhiali,Il dispositivo per vedere meglio
Sole,La stella che dà vita
Stelle,I punti luminosi nel cielo
Pianeti,I mondi del sistema solare
Giove,Il gigante del sistema solare
Vuoto,Il nulla tra le stelle
Gravità,La forza che ci tiene giù
Architetto,Professionista che progetta edifici e spazi abitativi
Avvocato,Professionista che difende clienti davanti al giudice
Medico,Professionista che cura malattie e prescrive terapie
Insegnante,Persona che trasmette conoscenze agli studenti ogni giorno
Ingegnere,Professionista che progetta macchine ponti e impianti
Giornalista,Persona che raccoglie notizie e scrive articoli
Scrittore,Autore che inventa storie per libri e romanzi
Pittore,Artista che dipinge immagini su tele e muri
Scultore,Artista che modella statue in marmo o bronzo
Musicista,Persona che suona strumenti davanti a un pubblico
Cantante,Artista che interpreta canzoni con la propria voce
Attore,Persona che interpreta personaggi in cinema e teatro
Regista,Professionista che dirige film spettacoli e attori
Fotografo,Persona che cattura immagini con una macchina fotografica
Cuoco,Professionista che prepara piatti dentro una cucina
Pasticcere,Artigiano che prepara torte biscotti e dessert
Panettiere,Artigiano che produce pane fresco ogni mattina
Macellaio,Commerciante che vende tagli di carne fresca
Pescivendolo,Commerciante specializzato nella vendita di pesce fresco
Fioraio,Negoziante che vende fiori recisi e piante
Libraio,Commerciante che vende libri in negozi specializzati
Farmacista,Professionista che prepara e vende farmaci
Parrucchiere,Professionista che taglia colora e pettina capelli
Estetista,Professionista che cura pelle unghie e aspetto
Massaggiatore,Persona che pratica massaggi per rilassare i muscoli
Fisioterapista,Professionista che aiuta a recuperare movimenti corporei
Psicologo,Professionista che ascolta e studia comportamenti umani
Commercialista,Professionista che gestisce conti tasse e bilanci
Notaio,Pubblico ufficiale che autentica atti e contratti
Giudice,Magistrato che decide sentenze nelle cause legali
Poliziotto,Agente che protegge cittadini e mantiene ordine
Carabiniere,Militare dell'arma che svolge funzioni di polizia
Pompiere,Professionista che spegne incendi e salva persone
Infermiere,Professionista sanitario che assiste pazienti ricoverati
Ostetrica,Professionista che assiste le donne durante il parto
Pediatra,Medico specializzato nella salute dei bambini
Cardiologo,Medico specializzato nelle malattie del cuore
Neurologo,Medico che cura disturbi del sistema nervoso
Dermatologo,Medico specializzato in pelle capelli e unghie
Oculista,Medico che controlla vista e salute degli occhi
Chirurgo,Medico che opera pazienti in sala operatoria
Radiologo,Medico che interpreta radiografie ecografie e risonanze
Oncologo,Medico specializzato nella cura dei tumori
Nutrizionista,Professionista che elabora piani alimentari personalizzati
Personal trainer,Istruttore che segue allenamenti fisici individuali
Arbitro,Persona che applica regole durante una gara
Allenatore,Persona che prepara una squadra per le partite
Atleta,Sportivo che partecipa a competizioni e gare
Maratoneta,Corridore che completa una gara di quarantadue chilometri
Velocista,Atleta specializzato nelle corse brevi e rapide
Nuotatore,Sportivo che gareggia in piscina o mare
Ciclista,Atleta che gareggia utilizzando una bicicletta
Tennista,Sportivo che usa racchetta e pallina su campo
Calciatore,Atleta che gioca a calcio in squadra
Pugile,Atleta che combatte sul ring con guantoni
Schermidore,Sportivo che duella usando fioretto spada o sciabola
Velista,Sportivo che naviga usando il vento sulle vele
Sciatore,Atleta che scende piste innevate con gli sci
Tuffatore,Sportivo che si lancia da trampolini in acqua
Canottiere,Atleta che spinge una barca con i remi
Surfista,Sportivo che cavalca onde sopra una tavola
Golfista,Sportivo che colpisce palline dentro piccole buche
Bersaglio,Oggetto circolare colpito da frecce o proiettili
Bussola,Strumento che indica il nord magnetico terrestre
Binocolo,Strumento ottico per osservare oggetti lontani
Microscopio,Strumento che ingrandisce oggetti troppo piccoli da vedere
Telescopio,Strumento per osservare stelle pianeti e galassie
Termometro,Strumento che misura il grado della temperatura
Barometro,Strumento che misura la pressione dell'aria
Altimetro,Strumento che indica altezza rispetto al livello marino
Cronometro,Orologio preciso usato per misurare intervalli brevi
Dinamometro,Strumento che misura l'intensità di una forza
Calibro,Strumento per misurare diametri e piccole distanze
Compasso,Strumento per disegnare cerchi e misurare distanze
Goniometro,Strumento per misurare ampiezza degli angoli
Livella,Strumento che verifica l'orizzontalità di una superficie
Sestante,Strumento nautico per misurare altezze degli astri
Anemometro,Strumento che misura velocità del vento
Pluviometro,Strumento che misura quantità di pioggia caduta
Igrometro,Strumento che misura umidità presente nell'aria
Densimetro,Strumento che misura densità di liquidi diversi
Voltmetro,Strumento che misura differenza di potenziale elettrico
Amperometro,Strumento che misura intensità della corrente elettrica
Oscilloscopio,Strumento che visualizza segnali elettrici variabili
Tachimetro,Strumento che indica velocità di un veicolo
Odometro,Strumento che conta distanza percorsa dal veicolo
Contachilometri,Strumento che registra chilometri percorsi da un mezzo
Manometro,Strumento che misura pressione di gas e liquidi
Sismografo,Strumento che registra vibrazioni prodotte dai terremoti
Elettrocardiografo,Strumento che registra attività elettrica del cuore
Stetoscopio,Strumento medico per ascoltare cuore e polmoni
Sfigmomanometro,Strumento medico che misura pressione arteriosa
Defibrillatore,Dispositivo che riavvia cuore con scarica elettrica
Ecografo,Strumento medico che usa ultrasuoni per immagini
Endoscopio,Strumento medico per guardare dentro il corpo
Bisturi,Strumento chirurgico con lama molto affilata
Pinza,Strumento per afferrare oggetti piccoli o caldi
Morsa,Attrezzo che blocca saldamente pezzi da lavorare
Incudine,Blocco metallico su cui lavora il fabbro
Tenaglia,Strumento per afferrare estrarre o tagliare metalli
Pialla,Attrezzo per lisciare superfici di legno
Seghetto,Attrezzo piccolo per tagliare legno o metallo
Sega,Attrezzo dentato per tagliare tavole di legno
Lima,Attrezzo ruvido per levigare materiali duri
Scalpello,Attrezzo per scolpire legno pietra o metallo
Tornio,Macchina che lavora pezzi facendoli ruotare
Fresa,Utensile rotante che asporta materiale dalle superfici
Incisore,Artista che crea segni su metallo o legno
Ceramista,Artigiano che modella e cuoce oggetti d'argilla
Vetraio,Artigiano che lavora vetro fuso e vetrate
Orefice,Artigiano che crea gioielli usando metalli preziosi
Rilegatore,Artigiano che unisce fogli per formare libri
Tipografo,Professionista che stampa testi su carta
Stampatore,Artigiano che riproduce immagini con matrici
Tessitore,Artigiano che intreccia fili per creare tessuti
Sarto,Professionista che confeziona e ripara abiti
Calzolaio,Artigiano che fabbrica e ripara scarpe
Ombrellaio,Artigiano che ripara ombrelli danneggiati
Vetraio,Artigiano che installa vetri in porte e finestre
Muratore,Operaio che costruisce muri e abitazioni
Imbianchino,Operaio che dipinge pareti interne ed esterne
Piastrellista,Operaio che posa piastrelle su muri e pavimenti
Elettricista,Operaio che installa impianti elettrici domestici
Idraulico,Operaio che ripara tubature rubinetti e scarichi
Fabbro,Artigiano che forgia ferro e altri metalli
Falegname,Artigiano che costruisce mobili con il legno
Carpentiere,Operaio che realizza strutture portanti in legno
Giardiniere,Persona che cura prati piante e aiuole
Agronomo,Esperto che studia coltivazioni agricole e terreni
Apicoltore,Persona che alleva api per produrre miele
Viticoltore,Persona che coltiva vigneti per produrre uva
Frutticoltore,Persona che coltiva alberi da frutto
Olivicoltore,Persona che coltiva alberi di ulivo
Allevatore,Persona che cresce animali in fattoria
Pastore,Persona che guida e custodisce un gregge
Casaro,Artigiano che trasforma latte in formaggio
Sommelier,Esperto che consiglia vini durante i pasti
Enologo,Esperto che studia produzione e qualità del vino
Agricoltura,Attività che coltiva piante per produrre cibo
Allevamento,Attività che cresce animali per prodotti alimentari
Mietitura,Raccolta dei cereali maturi nei campi
Semina,Operazione di mettere semi dentro il terreno
Aratura,Lavorazione del terreno con aratro agricolo
Irrigazione,Distribuzione di acqua sulle coltivazioni agricole
Potatura,Taglio dei rami per curare piante
Vendemmia,Raccolta dell'uva destinata alla produzione vinicola
Raccolto,Insieme dei prodotti ottenuti da un campo
Sementi,I semi destinati alla semina agricola
Concime,Sostanza che nutre piante e migliora terreno
Fertilizzante,Prodotto che aumenta fertilità del terreno
Pesticida,Prodotto usato contro parassiti delle colture
Serra,Struttura coperta per coltivare piante protette
Orto,Spazio coltivato con verdure e aromi
Vigneto,Campo coltivato con piante di vite
Frutteto,Campo coltivato con alberi da frutto
Uliveto,Campo coltivato con alberi di ulivo
Prateria,Grande distesa naturale coperta di erba
Savanna,Prateria tropicale con alberi sparsi
Giungla,Foresta tropicale molto fitta e umida
Tundra,Regione fredda senza alberi alti
Taiga,Grande foresta di conifere del nord
Oasi,Luogo verde con acqua nel deserto
Duna,Collina di sabbia modellata dal vento
Scogliera,Costa alta rocciosa battuta dalle onde
Falesia,Parete rocciosa ripida vicino al mare
Promontorio,Parte elevata di terra che entra nel mare
Penisola,Terra circondata dal mare su tre lati
Arcipelago,Gruppo di isole vicine tra loro
Atollo,Isola corallina ad anello con laguna
Fiordo,Stretto braccio di mare tra montagne
Delta,Area dove un fiume sfocia ramificandosi
Estuario,Foce larga di fiume influenzata dalle maree
Cascata,Salto d'acqua da una parete rocciosa
Sorgente,Punto da cui nasce acqua sotterranea
Ghiacciaio,Massa di ghiaccio che scorre lentamente
Iceberg,Blocco di ghiaccio galleggiante nel mare
Valanga,Massa di neve che scende rapidamente
Frana,Caduta di rocce e terreno lungo pendio
Erosione,Consumo del terreno causato da acqua vento
Sedimento,Materiale depositato da acqua vento o ghiaccio
Fossile,Resto antico di animale o pianta
Minerale,Sostanza naturale estratta dalle rocce
Quarzo,Minerale comune usato anche in orologi
Granito,Roccia dura composta da minerali diversi
Marmo,Roccia metamorfica usata per statue e pavimenti
Basalto,Roccia vulcanica scura e molto resistente
Ardesia,Roccia scura usata per tetti e lavagne
Calcare,Roccia composta principalmente da carbonato calcico
Argilla,Terra fine usata per ceramiche e mattoni
Gesso,Minerale bianco usato per intonaci e scrittura
Caolino,Argilla bianca usata per produrre porcellana
Ossidiana,Vetro vulcanico nero e tagliente
Pomice,Roccia vulcanica leggera e porosa
Lava,Roccia fusa espulsa durante eruzioni vulcaniche
Magma,Roccia fusa presente sotto la crosta terrestre
Cratere,Apertura circolare sulla cima di un vulcano
Eruzione,Fuoriuscita di lava ceneri e gas
Terremoto,Scossa del terreno causata da movimenti sotterranei
Tsunami,Grande onda causata da terremoto sottomarino
Maremoto,Movimento anomalo del mare molto distruttivo
Eclissi,Oscuramento temporaneo di sole o luna
Solstizio,Momento dell'anno con giorno più lungo
Equinozio,Momento con giorno e notte uguali
Aurora,Illuminazione colorata del cielo polare
Arcobaleno,Arco colorato visibile dopo la pioggia
Fulmine,Scarica elettrica luminosa dentro il temporale
Tuono,Rumore prodotto dalla scarica elettrica
Lampo,La luce improvvisa prodotta dal fulmine
Brezza,Vento leggero piacevole e fresco
Burrasca,Vento forte che agita il mare
Uragano,Tempesta tropicale con venti violentissimi
Tornado,Colonna d'aria rotante molto distruttiva
Monsoni,Venti stagionali che portano grandi piogge
Ciclone,Tempesta rotante attorno a bassa pressione
Anticiclone,Area atmosferica con tempo stabile e sereno
Baricentro,Punto in cui agisce il peso totale
Ecosistema,Insieme di organismi e ambiente circostante
Biodiversità,Varietà di specie viventi in un ambiente
Habitat,Luogo naturale in cui vive una specie
Predatore,Animale che caccia altri animali per nutrirsi
Prede,Animali catturati e mangiati dai predatori
Erbivoro,Animale che si nutre soltanto di piante
Carnivoro,Animale che si nutre principalmente di carne
Onnivoro,Animale che mangia vegetali e carne
Insettivoro,Animale che si nutre di insetti
Nettare,Liquido zuccherino prodotto dai fiori
Polline,Polvere prodotta dalle parti maschili dei fiori
Impollinazione,Trasporto del polline da fiore a fiore
Germinazione,Nascita di una pianta dal seme
Fotosintesi,Processo con cui piante producono nutrimento
Clorofilla,Pigmento verde necessario alla fotosintesi
Radice,Parte della pianta nascosta sotto terra
Fusto,Parte della pianta che sostiene foglie
Ramo,Parte legnosa che cresce dal tronco
Tronco,Parte principale legnosa di un albero
Corteccia,Strato esterno che protegge il tronco
Chioma,Insieme di rami e foglie di un albero
Germoglio,Parte giovane che nasce da una pianta
Bocciolo,Fiore chiuso prima di sbocciare
Petalo,Parte colorata e delicata di un fiore
Sepalo,Parte verde che protegge il bocciolo
Pistillo,Parte femminile centrale di un fiore
Stame,Parte maschile del fiore con polline
Nocciolo,Seme duro dentro certi frutti
Bulbo,Parte sotterranea che conserva nutrimento
Tubero,Parte sotterranea ingrossata ricca di nutrimento
Rizoma,Fusto sotterraneo che produce nuove radici
Spora,Cellula riproduttiva di funghi e felci
Micelio,Insieme di filamenti sotterranei dei funghi
Lichene,Organismo formato da fungo e alga
Muschio,Piccola pianta verde che cresce in umidità
Felce,Pianta senza fiori con foglie frondose
Orchidea,Fiore elegante dalle forme molto particolari
Girasole,Fiore giallo che segue il sole
Margherita,Fiore bianco con centro giallo
Tulipano,Fiore a coppa originario dei Paesi Bassi
Narciso,Fiore primaverile con trombetta centrale
Papavero,Fiore rosso dei campi coltivati
Lavanda,Pianta profumata dai fiori viola
Gelsomino,Pianta rampicante con fiori bianchi profumati
Rosa,Fiore con spine simbolo dell'amore
Violetta,Piccolo fiore viola molto profumato
Camelia,Fiore ornamentale dai petali cerosi
Azalea,Arbusto ornamentale con molti fiori colorati
Rododendro,Arbusto montano dai grandi fiori colorati
Magnolia,Albero ornamentale dai grandi fiori bianchi
Acacia,Albero con fiori gialli e profumati
Quercia,Albero robusto che produce ghiande
Faggio,Albero dalla corteccia liscia e grigia
Betulla,Albero dalla corteccia bianca caratteristica
Salice,Albero dai rami lunghi e pendenti
Pioppo,Albero alto che cresce vicino all'acqua
Cipresso,Albero sempreverde alto e stretto
Pino,Conifera che produce pigne e resina
Abete,Conifera usata come albero di Natale
Larice,Conifera che perde aghi durante autunno
Castagno,Albero che produce castagne commestibili
Noce,Albero che produce noci con guscio
Mandorlo,Albero che fiorisce molto presto in primavera
Pesco,Albero che produce frutti dalla buccia pelosa
Pero,Albero che produce frutti dolci a forma
Melo,Albero che produce mele rosse e verdi
Olivo,Albero mediterraneo che produce olive
Vite,Pianta rampicante che produce grappoli d'uva
Bambù,Pianta asiatica dal fusto cavo resistente
Cactus,Pianta desertica con spine e poca acqua
Aloe,Pianta succulenta usata per la pelle
Edera,Pianta rampicante sempreverde dei muri
Glicine,Pianta rampicante con fiori viola penduli
Geranio,Fiore da balcone molto colorato
Begonia,Pianta ornamentale con foglie decorative
Ciclamino,Fiore invernale dai petali rivolti verso l'alto
Primula,Fiore che annuncia l'arrivo della primavera
Mimosa,Fiore giallo simbolo della festa femminile
Garofano,Fiore dai petali frastagliati e profumati
Iris,Fiore elegante dai grandi petali colorati
Giglio,Fiore bianco simbolo di purezza
Dalia,Fiore grande con molti petali ordinati
Zinnia,Fiore colorato facile da coltivare
Cosmea,Fiore delicato con petali sottili
Anemone,Fiore primaverile dai colori vivaci
Ranuncolo,Fiore giallo brillante dei prati
Fiordaliso,Fiore blu tipico dei campi di grano
Non ti scordar di me,Fiore azzurro simbolo della memoria
Bucaneve,Fiore bianco che cresce quando c'è neve
Mughetto,Fiore bianco a campanella molto profumato
Ortensia,Fiore a grappolo rosa blu o bianco
Petunia,Fiore da balcone a forma di tromba
Surfinia,Fiore pendente usato per balconi fioriti
Verbena,Fiore piccolo raccolto in infiorescenze colorate
Lobelia,Fiore blu piccolo da bordure
Fresia,Fiore profumato usato nei bouquet
Peonia,Fiore grande ricco di petali morbidi
Zafferano,Spezia ricavata dagli stimmi di un fiore
Vaniglia,Aroma ricavato da baccelli di orchidea
Cannella,Spezia ottenuta dalla corteccia di un albero
Zenzero,Radice piccante usata in cucina e tisane
Curcuma,Spezia gialla usata nella cucina indiana
Paprika,Spezia rossa ottenuta da peperoni essiccati
Noce moscata,Spezia profumata da grattugiare nei piatti
Chiodi di garofano,Spezia aromatica a forma di piccolo chiodo
Cardamomo,Spezia orientale dai semi molto profumati
Cumino,Spezia dai semi usata in molte cucine
Coriandolo,Erba aromatica dai semi e foglie profumate
Anice,Spezia dal sapore simile alla liquirizia
Finocchietto,Erba aromatica dal profumo di anice
Maggiorana,Erba aromatica delicata per sughi e arrosti
Erba cipollina,Erba aromatica dal gusto simile alla cipolla
Dragoncello,Erba aromatica francese dal sapore intenso
Santoreggia,Erba aromatica usata per legumi e carne
Borragine,Erba commestibile dai fiori blu
Rabarbaro,Pianta dal gambo acido usata nei dolci
Tamarindo,Frutto tropicale dal sapore agrodolce intenso
Dattero,Frutto dolce della palma desertica
Litchi,Frutto tropicale dalla buccia rossa rugosa
Mango,Frutto tropicale giallo dolce e succoso
Papaya,Frutto tropicale arancione con semi neri
Avocado,Frutto verde cremoso ricco di grassi
Ananas,Frutto tropicale spinoso dalla polpa gialla
Cocco,Frutto tropicale con polpa bianca e acqua
Maracuja,Frutto tropicale aromatico con semi neri
Guava,Frutto tropicale dalla polpa rosa profumata
Kaki,Frutto arancione dolce tipico dell'autunno
Melograno,Frutto rosso pieno di chicchi succosi
Ribes,Piccolo frutto rosso raccolto a grappoli
Mirtillo,Piccolo frutto blu ricco di antiossidanti
Lampone,Piccolo frutto rosso formato da palline
Mora,Piccolo frutto nero dei rovi selvatici
Uva spina,Piccolo frutto tondo dal sapore acidulo
Albicocca,Frutto arancione vellutato con nocciolo interno
Prugna,Frutto viola o giallo con nocciolo
Susina,Frutto piccolo simile a una prugna
Nespola,Frutto arancione dalla polpa morbida
Cachi,Frutto arancione molto dolce quando maturo
Clementina,Agrume piccolo senza semi e molto dolce
Mandarino,Agrume piccolo facile da sbucciare
Pompelmo,Agrume grande dal sapore amaro acidulo
Cedro,Agrume grande con scorza spessa profumata
Bergamotto,Agrume profumato usato per aromatizzare tè
Kumquat,Piccolo agrume che si mangia con buccia
Lime,Agrume verde piccolo dal succo acidulo
Passiflora,Pianta rampicante dai fiori molto complessi
Ginepro,Arbusto che produce bacche per il gin
Rovo,Arbusto spinoso che produce more nere
Corbezzolo,Albero mediterraneo con frutti rossi rugosi
Mirto,Arbusto mediterraneo dalle bacche blu nere
Lentisco,Arbusto mediterraneo da cui esce resina
Oleandro,Arbusto ornamentale tossico dai fiori colorati
Alloro,Arbusto aromatico usato per insaporire pietanze
Tasso,Albero sempreverde con bacche rosse tossiche
Agrifoglio,Arbusto natalizio con foglie spinose verdi
Pungitopo,Arbusto con bacche rosse e foglie rigide
Ginepro,Arbusto aromatico con bacche viola scure
Biancospino,Arbusto spinoso con piccoli fiori bianchi
Sambuco,Arbusto con fiori bianchi e bacche scure
Nocciolo,Arbusto che produce nocciole commestibili
Rovo,Arbusto spinoso con frutti neri dolci
Rosa canina,Arbusto selvatico con frutti rossi ovali
Ginestra,Arbusto dai fiori gialli profumati
Eucalipto,Albero australiano dalle foglie aromatiche
Sequoia,Albero gigantesco originario della California
Baobab,Albero africano dal tronco molto largo
Palma,Albero tropicale con foglie a ventaglio
Cacao,Albero tropicale dai frutti per cioccolato
Caffè,Arbusto tropicale dai chicchi aromatici
Tè,Pianta asiatica dalle foglie per infusi
Tabacco,Pianta dalle foglie usate per fumare
Cotone,Pianta che produce fibra bianca tessile
Canapa,Pianta usata per fibre e semi
Lino,Pianta usata per fibre tessili pregiate
Papavero,Pianta dai fiori rossi e semi piccoli
Girasole,Pianta alta con grande fiore giallo
Mais,Pianta cereale con pannocchie gialle
Riso,Pianta cereale coltivata in acqua
Grano,Pianta cereale da cui deriva farina
Orzo,Pianta cereale usata per produrre birra
Avena,Pianta cereale usata nelle colazioni
Segale,Pianta cereale resistente ai climi freddi
Miglio,Piccolo cereale usato anche per uccelli
Quinoa,Seme andino ricco di proteine vegetali
Amaranto,Seme antico senza glutine molto nutriente
Grano saraceno,Seme triangolare usato per farine speciali
Farro,Cereale antico usato in zuppe e insalate
Kamutt,Cereale antico dal sapore delicato
Spelta,Cereale antico simile al grano moderno
Teff,Piccolo cereale africano senza glutine
Fonio,Piccolo cereale africano molto nutriente
Tapioca,Amido ricavato dalla radice di manioca
Manioca,Radice tropicale ricca di amido
Patata dolce,Tubero arancione dal sapore naturalmente dolce
Topinambur,Tubero nodoso dal gusto simile al carciofo
Rapa,Radice rotonda bianca o viola commestibile
Rutabaga,Radice gialla simile a rapa e cavolo
Pastinaca,Radice bianca dolce simile alla carota
Daikon,Ravanello bianco lungo tipico del Giappone
Ravanello,Piccola radice rossa dal gusto piccante
Rapa rossa,Radice dolce dal colore rosso intenso
Bietola,Verdura a foglia con coste bianche
Cicoria,Verdura amara a foglia verde scuro
Scarola,Insalata a foglia larga leggermente amarognola
Indivia,Insalata chiara dalla forma allungata
Songino,Insalata tenera dalle piccole foglie rotonde
Rucola,Insalata verde dal sapore piccante
Catalogna,Verdura amara a foglia lunga e frastagliata
Puntarelle,Germogli croccanti tipici della cucina romana
Cavolfiore,Ortaggio bianco formato da tante infiorescenze
Cavolo nero,Ortaggio toscano dalle foglie scure rugose
Cavolini,Piccoli cavoli verdi a forma di pallina
Romanesco,Cavolo verde con geometrie a spirale
Broccolo,Ortaggio verde con teste fiorite compatte
Cima di rapa,Ortaggio pugliese con foglie e infiorescenze
Porro,Ortaggio lungo dal sapore delicato di cipolla
Scalogno,Piccola cipolla dal gusto più delicato
Cipollotto,Cipolla giovane con parte verde lunga
Aglione,Aglio grande dal sapore meno intenso
Zenzero,Rizoma piccante usato in tisane e cucina
Galanga,Rizoma asiatico simile allo zenzero aromatico
Curcuma,Rizoma giallo usato come spezia colorante
Rafano,Radice piccante usata per salse forti
Wasabi,Radice verde piccante della cucina giapponese
Crescione,Erba verde dal sapore leggermente piccante
Tarassaco,Erba spontanea dai fiori gialli commestibili
Ortica,Pianta pungente usata anche in cucina
Acetosella,Erba dal sapore acidulo simile al limone
Portulaca,Erba grassa commestibile ricca di omega tre
Malva,Pianta dai fiori viola usata in tisane
Calendula,Fiore arancione usato per tisane e creme
Camomilla,Fiore bianco usato per infusi rilassanti
Melissa,Erba aromatica dal profumo di limone
Valeriana,Pianta usata per favorire il sonno
Passiflora,Pianta usata per infusi calmanti naturali
Echinacea,Pianta usata per sostenere difese immunitarie
Ginseng,Radice orientale usata come tonico naturale
Eleuterococco,Radice usata per migliorare resistenza fisica
Aloe,Pianta succulenta usata per gel lenitivi
Arnica,Pianta montana usata per contusioni e dolori
Iperico,Pianta dai fiori gialli usata tradizionalmente
Ribes nero,Bacca scura usata per sciroppi e tisane
Mirtillo,Bacca blu usata per vista e circolazione
Cranberry,Bacca rossa usata per le vie urinarie
Goji,Bacca rossa asiatica ricca di antiossidanti
Acerola,Frutto tropicale ricchissimo di vitamina C
Baobab,Frutto africano ricco di fibre e vitamine
Maca,Radice andina usata come integratore energetico
Spirulina,Alga blu verde ricca di proteine
Clorella,Alga verde usata come integratore naturale
Kombu,Alga marina usata nella cucina giapponese
Nori,Alga secca usata per avvolgere sushi
Wakame,Alga marina usata in zuppe giapponesi
Agar agar,Gelificante vegetale ottenuto da alghe
Carragenina,Addensante ottenuto da alghe rosse
Lecitina,Sostanza emulsionante presente nella soia
Pectina,Sostanza gelificante presente nella frutta
Gelatina,Sostanza usata per rendere solidi dolci
Amido,Carboidrato presente in cereali e tuberi
Glutine,Proteina presente nel grano e cereali
Lattosio,Zucchero naturalmente presente nel latte
Fruttosio,Zucchero naturalmente presente nella frutta
Saccarosio,Zucchero comune usato in cucina
Glucosio,Zucchero semplice fonte di energia immediata
Maltosio,Zucchero formato da due molecole di glucosio
Destrosio,Nome comune del glucosio in polvere
Cellulosa,Fibra vegetale che forma pareti cellulari
Proteina,Nutriente fondamentale per muscoli e tessuti
Vitamina,Sostanza necessaria in piccole quantità quotidiane
Minerale,Elemento indispensabile al funzionamento del corpo
Calcio,Minerale importante per ossa e denti
Ferro,Minerale necessario per trasportare ossigeno nel sangue
Magnesio,Minerale utile a muscoli e sistema nervoso
Potassio,Minerale importante per muscoli e cuore
Sodio,Minerale presente nel sale da cucina
Zinco,Minerale importante per difese e pelle
Selenio,Minerale antiossidante presente in alcuni alimenti
Iodio,Minerale necessario alla tiroide per funzionare
Fosforo,Minerale presente in ossa denti e cellule
Rame,Minerale utile alla formazione dei globuli rossi
Manganese,Minerale coinvolto in molti processi corporei
Cromo,Minerale che contribuisce al metabolismo del glucosio
Molibdeno,Minerale presente in enzimi del corpo
Fluoro,Minerale utile per proteggere lo smalto dentale
Silicio,Minerale presente in ossa pelle e capelli
Boro,Minerale in tracce utile al metabolismo osseo
Litio,Elemento usato anche in alcuni farmaci psichiatrici
Cobalto,Elemento presente nella vitamina B dodici
Vanadio,Elemento in tracce studiato per metabolismo
Nichel,Metallo presente in monete e leghe
Cadmio,Metallo tossico presente in alcune batterie
Mercurio,Metallo liquido a temperatura ambiente
Arsenico,Elemento tossico presente in natura e industrie
Antimonio,Metallo usato in leghe e ritardanti fiamma
Bismuto,Metallo pesante usato in alcuni farmaci
Titanio,Metallo leggero resistente usato in aerei
Cobalto,Metallo blu usato in batterie moderne
Tungsteno,Metallo molto duro con alto punto fusione
Vanadio,Metallo usato per rendere acciaio resistente
Cromo,Metallo lucido usato per rivestimenti protettivi
Manganese,Metallo usato in acciai e batterie
Molibdeno,Metallo resistente usato in leghe speciali
Tantalio,Metallo raro usato nei dispositivi elettronici
Niobio,Metallo usato in superleghe e magneti
Zirconio,Metallo resistente alla corrosione e calore
Hafnio,Metallo usato in reattori nucleari
Rutenio,Metallo raro del gruppo del platino
Rodio,Metallo prezioso usato nei catalizzatori auto
Palladio,Metallo prezioso usato in gioielli e catalizzatori
Osmio,Metallo molto denso e resistente
Iridio,Metallo raro molto resistente alla corrosione
Renio,Metallo raro usato nei motori a reazione
Scandio,Metallo leggero usato in leghe aerospaziali
Ittrio,Metallo usato in laser e superconduttori
Lantanio,Metallo raro usato nelle lenti ottiche
Cerio,Metallo raro usato in accendini e vetri
Praseodimio,Metallo raro usato in magneti speciali
Neodimio,Metallo raro usato per magneti potenti
Promezio,Elemento radioattivo raro nella tavola periodica
Samario,Metallo raro usato nei magneti resistenti
Europio,Metallo raro usato nei fosfori rossi
Gadolinio,Metallo raro usato in risonanza magnetica
Terbio,Metallo raro usato nei fosfori verdi
Disprosio,Metallo raro usato nei magneti permanenti
Olmio,Metallo raro con forte proprietà magnetica
Erbio,Metallo raro usato nelle fibre ottiche
Tulio,Metallo raro molto poco abbondante
Itterbio,Metallo raro usato in laser e leghe
Lutezio,Metallo raro molto denso e stabile
